ticker,pdufa_date,outcome,confidence
ARQT,2026-06-30,Approved,other
UNCY,2026-06-30,CRL,other
VRDN,2026-06-29,Approved,other
ABBV,2026-06-26,Approved,other
VRDN,2026-06-26,Approved,other
LNTH,2026-06-26,CRL,other
PFE,2026-06-24,Approved,other
IONS,2026-06-24,Approved,other
GILD,2026-06-24,Approved,other
MRK,2026-06-24,Approved,other
ACHV,2026-06-22,CRL,other
MRK,2026-06-18,Approved,other
GSK,2026-06-17,Approved,other
SPRO,2026-06-17,Approved,other
ABBV,2026-06-16,Approved,other
BAYRY,2026-06-15,Approved,other
MRK,2026-06-12,Approved,other
AZN,2026-06-12,Approved,other
LLY,2026-06-09,Approved,other
PFE,2026-06-08,Approved,other
XOMA,2026-06-08,Approved,other
LGND,2026-06-08,Approved,other
ZVRA,2026-06-08,Approved,other
AMRX,2026-06-04,Approved,other
CING,2026-06-02,CRL,other
BMY,2026-06-01,Approved,other
JNJ,2026-05-29,Approved,other
MNKD,2026-05-29,Approved,other
AZN,2026-05-28,Approved,other
IRWD,2026-05-27,Approved,other
ABBV,2026-05-27,Approved,other
PGEN,2026-05-27,Approved,other
GILD,2026-05-26,Approved,other
AZN,2026-05-22,Approved,other
AZN,2026-05-18,Approved,other
SPRY,2026-05-15,Approved,other
AZN,2026-05-15,Approved,other
ONC,2026-05-13,Approved,other
ARGX,2026-05-08,Approved,other
ADMA,2026-05-04,Approved,other
PFE,2026-05-01,Approved,other
ARVN,2026-05-01,Approved,other
INCY,2026-05-01,Approved,other
AXSM,2026-04-30,Approved,other
JAGX,2026-04-29,Approved,other
AZN,2026-04-28,Approved,other
AZN,2026-04-27,Approved,other
REGN,2026-04-23,Approved,other
GRCE,2026-04-23,CRL,other
ABBV,2026-04-23,CRL,other
REGN,2026-04-22,Approved,other
SNY,2026-04-22,Approved,other
MRK,2026-04-21,Approved,other
LGND,2026-04-13,Approved,other
TVTX,2026-04-13,Approved,other
REPL,2026-04-10,CRL,other
ANIP,2026-04-08,Approved,other
INCY,2026-04-08,CRL,other
MGNX,2026-04-08,CRL,other
OTLK,2026-04-07,CRL,other
REGN,2026-04-02,Approved,other
LLY,2026-04-01,Approved,other
IONS,2026-03-30,Approved,other
BIIB,2026-03-30,Approved,other
TEVA,2026-03-30,Approved,other
RCKT,2026-03-27,Approved,other
NVO,2026-03-26,Approved,other
DNLI,2026-03-25,Approved,other
CORT,2026-03-25,Approved,other
RYTM,2026-03-20,Approved,other
BMY,2026-03-20,Approved,other
GSK,2026-03-19,Approved,other
NVO,2026-03-19,Approved,other
JNJ,2026-03-18,Approved,other
PTGX,2026-03-18,Approved,other
ALDX,2026-03-17,CRL,other
GSK,2026-03-13,Approved,other
NVS,2026-03-13,Approved,other
LNTH,2026-03-06,Approved,other
BMY,2026-03-06,Approved,other
HALO,2026-03-05,Approved,other
JNJ,2026-03-05,Approved,other
OTLK,2026-03-05,CRL,other
NVO,2026-03-03,Approved,other
ASND,2026-02-27,Approved,other
BMRN,2026-02-27,Approved,other
AMPH,2026-02-24,Approved,other
PFE,2026-02-24,Approved,other
RHHBY,2026-02-20,Approved,other
VNDA,2026-02-20,Approved,other
HRMY,2026-02-17,Approved,other
EBS,2026-02-13,Approved,other
IRON,2026-02-13,CRL,other
NVCR,2026-02-12,Approved,other
MRK,2026-02-11,Approved,other
RGNX,2026-02-09,CRL,other
GILD,2026-02-06,Approved,other
VERA,2026-07-07,Approved,other
AZN,2026-06-30,Approved,other
VRDN,2026-06-30,Approved,other
IONS,2026-06-30,Approved,other
UNCY,2026-06-29,CRL,other
ARQT,2026-06-29,Approved,other
LNTH,2026-06-29,CRL,other
ACHV,2026-06-20,CRL,other
GSK,2026-06-18,Approved,other
SPRO,2026-06-18,Approved,other
ASND,2026-02-28,Approved,price-only
ETON,2026-02-25,Approved,price-only
REGN,2026-02-24,Approved,price-only
SNY,2026-02-24,Approved,price-only
VNDA,2026-02-21,Approved,price-only
AZN,2026-02-20,Approved,price-only
ABBV,2026-02-20,Approved,price-only
MRK,2026-02-20,Approved,price-only
JNJ,2026-02-17,Approved,price-only
INVA,2026-02-17,Approved,price-only
IRON,2026-02-15,CRL,price-only
RGNX,2026-02-08,CRL,price-only
AQST,2026-02-02,CRL,price-only
PHAR,2026-02-01,CRL,source-verified
GKOS,2026-01-28,Approved,price-only
JNJ,2026-01-27,Approved,price-only
GLSI,2026-01-22,Approved,price-only
IBRX,2026-01-16,CRL,source-verified
EBS,2026-01-14,Approved,price-only
FBIO,2026-01-13,Approved,price-only
ATRA,2026-01-12,CRL,price-only
OTLK,2025-12-31,CRL,price-only
CORT,2025-12-31,CRL,price-only
VNDA,2025-12-30,Approved,price-only
SNY,2025-12-28,CRL,price-only
OMER,2025-12-24,Approved,price-only
AGIO,2025-12-23,Approved,price-only
NVO,2025-12-22,Approved,price-only
AMRX,2025-12-22,Approved,price-only
RHHBY,2025-12-22,Approved,price-only
CRSP,2025-12-22,CRL,price-only
CYTK,2025-12-19,Approved,price-only
PBM,2025-12-19,Approved,price-only
COCP,2025-12-18,Approved,price-only
JNJ,2025-12-18,Approved,price-only
PFE,2025-12-17,CRL,price-only
MRK,2025-12-17,CRL,price-only
ALPMY,2025-12-17,CRL,price-only
GILD,2025-12-16,Approved,price-only
DSNKY,2025-12-15,Approved,price-only
MIST,2025-12-15,Approved,price-only
JNJ,2025-12-15,Approved,price-only
AZN,2025-12-15,Approved,price-only
INVA,2025-12-15,Approved,price-only
AMPH,2025-12-15,Approved,price-only
ACAD,2025-12-12,Approved,price-only
BCRX,2025-12-12,Approved,price-only
AMGN,2025-12-11,Approved,price-only
GSK,2025-12-11,Approved,price-only
AAPG,2025-12-09,CRL,price-only
LYEL,2025-12-08,CRL,price-only
ONC,2025-12-08,CRL,price-only
AUTL,2025-12-08,CRL,price-only
ALXO,2025-12-08,CRL,price-only
NRIX,2025-12-08,CRL,price-only
CLLS,2025-12-07,CRL,price-only
IMMX,2025-12-07,CRL,price-only
CASI,2025-12-07,CRL,price-only
GLPG,2025-12-07,CRL,price-only
PRTC,2025-12-05,CRL,price-only
AXGN,2025-12-04,Approved,price-only
BMY,2025-12-04,Approved,price-only
PLRX,2025-12-04,CRL,price-only
LLY,2025-12-03,Approved,price-only
AMRN,2025-12-02,Approved,price-only
AMRX,2025-12-01,Approved,price-only
JANX,2025-12-01,Approved,price-only
AZN,2025-11-25,Approved,price-only
SRPT,2025-11-25,Approved,price-only
RHHBY,2025-11-25,Approved,price-only
NVS,2025-11-24,Approved,price-only
MRK,2025-11-21,Approved,price-only
ALPMY,2025-11-21,Approved,price-only
PFE,2025-11-21,Approved,price-only
BAYRY,2025-11-20,Approved,price-only
AZN,2025-11-20,Approved,price-only
AMGN,2025-11-19,Approved,price-only
TARA,2025-11-19,CRL,price-only
REGN,2025-11-19,Approved,price-only
ARWR,2025-11-18,Approved,price-only
KZIA,2025-11-18,CRL,price-only
GMAB,2025-11-18,Approved,price-only
ABBV,2025-11-18,Approved,price-only
OGN,2025-11-17,Approved,price-only
KURA,2025-11-13,Approved,price-only
AMRX,2025-11-13,Approved,price-only
ENGN,2025-11-11,CRL,source-verified
CYTK,2025-11-07,CRL,price-only
RPRX,2025-11-07,CRL,price-only
JNJ,2025-11-07,Approved,price-only
BCAB,2025-11-07,Approved,price-only
JNJ,2025-11-06,Approved,price-only
CLDX,2025-11-06,CRL,price-only
IBRX,2025-11-05,CRL,price-only
BHVN,2025-11-04,CRL,price-only
ESLA,2025-11-03,CRL,source-verified
AGIO,2025-11-03,Approved,price-only
ALVO,2025-11-02,CRL,price-only
AMRX,2025-10-29,Approved,price-only
ONCY,2025-10-28,Approved,price-only
LLY,2025-10-27,Approved,price-only
MRK,2025-10-27,Approved,price-only
SNDX,2025-10-24,Approved,price-only
BAYRY,2025-10-24,Approved,price-only
GSK,2025-10-23,Approved,price-only
GKOS,2025-10-20,Approved,price-only
RHHBY,2025-10-20,Approved,price-only
SNSE,2025-10-17,CRL,source-verified
AZN,2025-10-17,Approved,price-only
AMGN,2025-10-17,Approved,price-only
REGN,2025-10-17,CRL,price-only
NVO,2025-10-15,Approved,price-only
CGEM,2025-10-13,CRL,price-only
ABBV,2025-10-13,Approved,price-only
TEVA,2025-10-10,Approved,price-only
REGN,2025-10-08,Approved,price-only
ARQT,2025-10-06,Approved,price-only
RHHBY,2025-10-02,Approved,price-only
JAZZ,2025-10-02,Approved,price-only
FBIO,2025-10-01,CRL,price-only
NVS,2025-09-30,Approved,price-only
JNJ,2025-09-29,Approved,price-only
LLY,2025-09-25,Approved,price-only
CRNX,2025-09-25,Approved,price-only
BIIB,2025-09-23,CRL,price-only
AMRX,2025-09-23,Approved,price-only
SRRK,2025-09-23,CRL,price-only
IONS,2025-09-23,CRL,price-only
INCY,2025-09-19,Approved,price-only
MRK,2025-09-19,Approved,price-only
JNJ,2025-09-19,Approved,price-only
KRYS,2025-09-15,Approved,price-only
GMAB,2025-09-12,CRL,price-only
AMRX,2025-09-11,Approved,price-only
JNJ,2025-09-09,Approved,price-only
TAK,2025-09-05,Approved,price-only
AMRX,2025-09-04,Approved,price-only
SNY,2025-08-29,Approved,price-only
BIIB,2025-08-29,Approved,price-only
OTLK,2025-08-28,CRL,source-verified
TEVA,2025-08-28,Approved,price-only
LGND,2025-08-27,Approved,price-only
BNTX,2025-08-27,Approved,price-only
MRNA,2025-08-27,Approved,price-only
TVTX,2025-08-27,Approved,price-only
NVAX,2025-08-27,Approved,price-only
PRTA,2025-08-27,Approved,price-only
PFE,2025-08-27,Approved,price-only
MRKR,2025-08-26,CRL,price-only
VALN,2025-08-25,Approved,price-only
IONI,2025-08-21,Approved,price-only
IONS,2025-08-21,Approved,price-only
PTCT,2025-08-19,CRL,price-only
PGEN,2025-08-15,Approved,price-only
NVO,2025-08-15,Approved,price-only
TNXP,2025-08-15,Approved,price-only
IBRX,2025-08-13,CRL,price-only
INSM,2025-08-12,Approved,price-only
PHRRF,2025-08-11,Approved,price-only
AMPH,2025-08-11,Approved,price-only
TEVA,2025-08-06,Approved,price-only
JAZZ,2025-08-06,Approved,price-only
LENZ,2025-07-31,Approved,price-only
REGN,2025-07-30,CRL,price-only
ZLAB,2025-07-30,CRL,price-only
ANIK,2025-07-30,Approved,price-only
ASND,2025-07-28,Approved,price-only
PTCT,2025-07-28,Approved,price-only
APLS,2025-07-28,Approved,price-only
PHIO,2025-07-28,CRL,price-only
REPL,2025-07-22,CRL,source-verified
RHHBY,2025-07-18,CRL,price-only
GSK,2025-07-17,Approved,price-only
CUE,2025-07-16,CRL,price-only
CAPR,2025-07-11,CRL,source-verified
ABEO,2025-07-11,CRL,price-only
RARE,2025-07-11,CRL,price-only
JSPR,2025-07-07,CRL,source-verified
KALV,2025-07-07,Approved,price-only
CMND,2025-07-03,Approved,price-only
REGN,2025-07-02,Approved,price-only
EXEL,2025-07-02,Approved,price-only
UNCY,2025-06-30,CRL,source-verified
ABBV,2025-06-30,Approved,price-only
TAK,2025-06-30,Approved,price-only
INTS,2025-06-30,CRL,price-only
BMY,2025-06-27,Approved,price-only
GSK,2025-06-24,Approved,price-only
AVBP,2025-06-23,Approved,price-only
AZN,2025-06-23,Approved,price-only
DSNKY,2025-06-23,Approved,price-only
GHRS,2025-06-20,CRL,price-only
GLPG,2025-06-19,CRL,price-only
GILD,2025-06-18,Approved,price-only
NVS,2025-06-18,Approved,price-only
XNCR,2025-06-18,Approved,price-only
INCY,2025-06-18,Approved,price-only
CSLLY,2025-06-17,Approved,price-only
LYEL,2025-06-17,CRL,price-only
HOTH,2025-06-16,Approved,price-only
LTRN,2025-06-16,CRL,price-only
JSPR,2025-06-16,CRL,price-only
INCY,2025-06-15,CRL,price-only
GMAB,2025-06-15,CRL,price-only
JNJ,2025-06-13,CRL,price-only
MRK,2025-06-13,Approved,price-only
AMRX,2025-06-12,Approved,price-only
MRNA,2025-06-12,Approved,price-only
URGN,2025-06-12,Approved,price-only
BMY,2025-06-12,CRL,price-only
NRIX,2025-06-12,CRL,price-only
ADCT,2025-06-12,CRL,price-only
NUVB,2025-06-11,Approved,price-only
ABBV,2025-06-11,Approved,price-only
ENTA,2025-06-11,Approved,price-only
MRK,2025-06-09,Approved,price-only
AXSM,2025-06-09,CRL,price-only
TRAW,2025-06-03,CRL,source-verified
IMMX,2025-06-03,CRL,price-only
REGN,2025-06-02,Approved,price-only
SNY,2025-06-02,Approved,price-only
GMAB,2025-06-02,CRL,price-only
MRNA,2025-05-31,Approved,price-only
ETON,2025-05-29,Approved,price-only
ALC,2025-05-28,Approved,price-only
SVRA,2025-05-27,CRL,source-verified
BMY,2025-05-23,CRL,price-only
REGN,2025-05-23,CRL,price-only
BCTX,2025-05-23,Approved,price-only
LQDA,2025-05-23,Approved,price-only
RHHBY,2025-05-22,Approved,price-only
ARQT,2025-05-22,Approved,price-only
GSK,2025-05-22,Approved,price-only
NVAX,2025-05-19,Approved,price-only
AMRX,2025-05-15,Approved,price-only
INCY,2025-05-15,Approved,price-only
MRK,2025-05-14,Approved,price-only
ABBV,2025-05-14,Approved,price-only
CING,2025-05-14,Approved,price-only
OGEN,2025-05-13,Approved,price-only
VSTM,2025-05-08,Approved,price-only
PHIO,2025-05-07,CRL,price-only
TEVA,2025-05-05,Approved,price-only
ALVO,2025-05-05,Approved,price-only
JNJ,2025-04-30,Approved,price-only
XRTX,2025-04-30,Approved,price-only
ABEO,2025-04-29,Approved,price-only
ABBV,2025-04-29,Approved,price-only
TLX,2025-04-28,CRL,price-only
CLDI,2025-04-28,CRL,price-only
URGN,2025-04-27,CRL,price-only
TARA,2025-04-26,CRL,price-only
ALXO,2025-04-25,CRL,price-only
JNJ,2025-04-24,CRL,price-only
EQ,2025-04-24,Approved,price-only
ANTE,2025-04-23,Approved,price-only
REGN,2025-04-20,CRL,price-only
REGN,2025-04-18,Approved,price-only
SNY,2025-04-18,Approved,price-only
MIRM,2025-04-14,Approved,price-only
IRWD,2025-04-14,Approved,price-only
BMY,2025-04-11,Approved,price-only
HALO,2025-04-10,Approved,price-only
ARGX,2025-04-10,Approved,price-only
BMY,2025-04-08,Approved,price-only
ALDX,2025-04-03,CRL,source-verified
AMGN,2025-04-03,Approved,price-only
NVS,2025-04-03,Approved,price-only
ABBV,2025-04-02,Approved,price-only
CMPX,2025-04-01,CRL,price-only
AZN,2025-03-31,Approved,price-only
MIST,2025-03-28,CRL,source-verified
ALNY,2025-03-28,Approved,price-only
INTE,2025-03-28,Approved,price-only
SNY,2025-03-28,Approved,price-only
NVS,2025-03-28,Approved,price-only
EQ,2025-03-27,CRL,source-verified
SLNO,2025-03-26,Approved,price-only
WVE,2025-03-26,Approved,price-only
IPSEY,2025-03-26,Approved,price-only
EXEL,2025-03-26,Approved,price-only
GSK,2025-03-25,Approved,price-only
CGON,2025-03-24,CRL,price-only
AURA,2025-03-24,CRL,price-only
CNTA,2025-03-24,Approved,price-only
TLX,2025-03-21,Approved,price-only
NVS,2025-03-20,Approved,price-only
ALNY,2025-03-20,Approved,price-only
JNJ,2025-03-20,Approved,price-only
XERS,2025-03-17,Approved,price-only
GLSI,2025-03-17,Approved,price-only
ANIP,2025-03-14,Approved,price-only
RNAZ,2025-03-13,Approved,price-only
PHIO,2025-03-10,CRL,price-only
SPRY,2025-03-05,Approved,price-only
RHHBY,2025-03-03,Approved,price-only
INDV,2025-02-24,Approved,price-only
MIRM,2025-02-24,Approved,price-only
SLS,2025-02-20,CRL,price-only
APTO,2025-02-20,Approved,price-only
IBRX,2025-02-19,Approved,price-only
HRMY,2025-02-19,CRL,price-only
GSK,2025-02-17,Approved,price-only
ALLO,2025-02-14,CRL,source-verified
CLLS,2025-02-14,CRL,price-only
TURN,2025-02-14,Approved,price-only
ALPMY,2025-02-13,Approved,price-only
PFE,2025-02-12,Approved,price-only
RHHBY,2025-02-12,Approved,price-only
SWTX,2025-02-11,Approved,price-only
ABBV,2025-02-07,Approved,price-only
RNAZ,2025-02-06,Approved,price-only
SUPN,2025-02-04,Approved,price-only
RHHBY,2025-02-04,Approved,price-only
VRTX,2025-01-30,Approved,price-only
AXSM,2025-01-30,Approved,price-only
NVS,2025-01-29,Approved,price-only
NVO,2025-01-28,Approved,price-only
DSNKY,2025-01-27,Approved,price-only
AZN,2025-01-27,Approved,price-only
BIIB,2025-01-26,Approved,price-only
AMRX,2025-01-23,Approved,price-only
LSTA,2025-01-22,CRL,source-verified
CHRS,2025-01-22,CRL,price-only
IRON,2025-01-21,Approved,price-only
JNJ,2025-01-21,Approved,price-only
INBX,2025-01-21,CRL,price-only
AZN,2025-01-17,Approved,price-only
AMGN,2025-01-17,Approved,price-only
ATRA,2025-01-16,CRL,source-verified
INCY,2025-01-16,Approved,price-only
SNDX,2025-01-16,Approved,price-only
LEXX,2025-01-15,Approved,price-only
LLY,2025-01-15,Approved,price-only
PHIO,2025-01-13,CRL,source-verified
JSPR,2025-01-08,CRL,source-verified
KZIA,2025-01-02,Approved,price-only
ANIP,2025-01-02,Approved,price-only
