ticker,pdufa_date,review_priority,prior_fda_approvals
ARQT,2026-06-30,STANDARD,2
UNCY,2026-06-30,,0
VRDN,2026-06-29,,0
ABBV,2026-06-26,STANDARD,96
VRDN,2026-06-26,,0
LNTH,2026-06-26,,1
PFE,2026-06-24,STANDARD,92
IONS,2026-06-24,,0
GILD,2026-06-24,,6
MRK,2026-06-24,,58
ACHV,2026-06-22,,0
MRK,2026-06-18,,58
GSK,2026-06-17,,0
SPRO,2026-06-17,,0
ABBV,2026-06-16,STANDARD,96
BAYRY,2026-06-15,,6
MRK,2026-06-12,,58
AZN,2026-06-12,STANDARD,59
LLY,2026-06-09,STANDARD,68
PFE,2026-06-08,STANDARD,92
XOMA,2026-06-08,,0
LGND,2026-06-08,,0
ZVRA,2026-06-08,,0
AMRX,2026-06-04,,100
CING,2026-06-02,,0
BMY,2026-06-01,STANDARD,21
JNJ,2026-05-29,,0
MNKD,2026-05-29,STANDARD,1
AZN,2026-05-28,STANDARD,59
IRWD,2026-05-27,,0
ABBV,2026-05-27,PRIORITY,96
PGEN,2026-05-27,,0
GILD,2026-05-26,,6
AZN,2026-05-22,STANDARD,59
AZN,2026-05-18,STANDARD,59
SPRY,2026-05-15,,0
AZN,2026-05-15,STANDARD,59
ONC,2026-05-13,,0
ARGX,2026-05-08,,0
ADMA,2026-05-04,,0
PFE,2026-05-01,STANDARD,92
ARVN,2026-05-01,,0
INCY,2026-05-01,,0
AXSM,2026-04-30,STANDARD,2
JAGX,2026-04-29,,0
AZN,2026-04-28,STANDARD,59
AZN,2026-04-27,STANDARD,59
REGN,2026-04-23,,0
GRCE,2026-04-23,,0
ABBV,2026-04-23,,96
REGN,2026-04-22,,0
SNY,2026-04-22,,5
MRK,2026-04-21,,58
LGND,2026-04-13,,0
TVTX,2026-04-13,STANDARD,1
REPL,2026-04-10,,0
ANIP,2026-04-08,,0
INCY,2026-04-08,,0
MGNX,2026-04-08,,0
OTLK,2026-04-07,,0
REGN,2026-04-02,,0
LLY,2026-04-01,,68
IONS,2026-03-30,,0
BIIB,2026-03-30,STANDARD,6
TEVA,2026-03-30,,84
RCKT,2026-03-27,,0
NVO,2026-03-26,STANDARD,10
DNLI,2026-03-25,,0
CORT,2026-03-25,,0
RYTM,2026-03-20,PRIORITY,1
BMY,2026-03-20,STANDARD,21
GSK,2026-03-19,,0
NVO,2026-03-19,STANDARD,10
JNJ,2026-03-18,,0
PTGX,2026-03-18,,0
ALDX,2026-03-17,,0
GSK,2026-03-13,,0
NVS,2026-03-13,STANDARD,88
LNTH,2026-03-06,,1
BMY,2026-03-06,STANDARD,21
HALO,2026-03-05,,0
JNJ,2026-03-05,,0
OTLK,2026-03-05,,0
NVO,2026-03-03,STANDARD,10
ASND,2026-02-27,PRIORITY,0
BMRN,2026-02-27,,2
AMPH,2026-02-24,,0
PFE,2026-02-24,STANDARD,92
RHHBY,2026-02-20,,19
VNDA,2026-02-20,,0
HRMY,2026-02-17,PRIORITY,2
EBS,2026-02-13,STANDARD,2
IRON,2026-02-13,,0
NVCR,2026-02-12,,0
MRK,2026-02-11,,58
RGNX,2026-02-09,,0
GILD,2026-02-06,,6
VERA,2026-07-07,,0
AZN,2026-06-30,STANDARD,59
VRDN,2026-06-30,,0
IONS,2026-06-30,,0
UNCY,2026-06-29,,0
ARQT,2026-06-29,STANDARD,2
LNTH,2026-06-29,,1
ACHV,2026-06-20,,0
GSK,2026-06-18,,0
SPRO,2026-06-18,,0
ASND,2026-02-28,PRIORITY,1
ETON,2026-02-25,STANDARD,6
REGN,2026-02-24,,0
SNY,2026-02-24,,5
VNDA,2026-02-21,,0
AZN,2026-02-20,STANDARD,59
ABBV,2026-02-20,STANDARD,96
MRK,2026-02-20,,58
JNJ,2026-02-17,,0
INVA,2026-02-17,,0
IRON,2026-02-15,,0
RGNX,2026-02-08,,0
AQST,2026-02-02,,2
PHAR,2026-02-01,,1
GKOS,2026-01-28,STANDARD,5
JNJ,2026-01-27,,0
GLSI,2026-01-22,,0
IBRX,2026-01-16,,0
EBS,2026-01-14,STANDARD,2
FBIO,2026-01-13,,0
ATRA,2026-01-12,,0
OTLK,2025-12-31,,0
CORT,2025-12-31,,0
VNDA,2025-12-30,,0
SNY,2025-12-28,,5
OMER,2025-12-24,,0
AGIO,2025-12-23,,0
NVO,2025-12-22,STANDARD,9
AMRX,2025-12-22,,98
RHHBY,2025-12-22,STANDARD,19
CRSP,2025-12-22,,0
CYTK,2025-12-19,STANDARD,0
PBM,2025-12-19,,0
COCP,2025-12-18,,0
JNJ,2025-12-18,,0
PFE,2025-12-17,STANDARD,92
MRK,2025-12-17,,58
ALPMY,2025-12-17,STANDARD,39
GILD,2025-12-16,,6
DSNKY,2025-12-15,,1
MIST,2025-12-15,,0
JNJ,2025-12-15,,0
AZN,2025-12-15,,59
INVA,2025-12-15,,0
AMPH,2025-12-15,,0
ACAD,2025-12-12,,0
BCRX,2025-12-12,PRIORITY,3
AMGN,2025-12-11,,9
GSK,2025-12-11,,0
AAPG,2025-12-09,,0
LYEL,2025-12-08,,0
ONC,2025-12-08,,0
AUTL,2025-12-08,,0
ALXO,2025-12-08,,0
NRIX,2025-12-08,,0
CLLS,2025-12-07,,0
IMMX,2025-12-07,,0
CASI,2025-12-07,,
GLPG,2025-12-07,,
PRTC,2025-12-05,,
AXGN,2025-12-04,,0
BMY,2025-12-04,,21
PLRX,2025-12-04,,0
LLY,2025-12-03,,68
AMRN,2025-12-02,,0
AMRX,2025-12-01,,98
JANX,2025-12-01,,0
AZN,2025-11-25,STANDARD,59
SRPT,2025-11-25,,0
RHHBY,2025-11-25,,19
NVS,2025-11-24,STANDARD,88
MRK,2025-11-21,,58
ALPMY,2025-11-21,PRIORITY,39
PFE,2025-11-21,STANDARD,92
BAYRY,2025-11-20,,6
AZN,2025-11-20,STANDARD,59
AMGN,2025-11-19,,9
TARA,2025-11-19,,0
REGN,2025-11-19,,0
ARWR,2025-11-18,STANDARD,0
KZIA,2025-11-18,,0
GMAB,2025-11-18,,0
ABBV,2025-11-18,N/A,96
OGN,2025-11-17,,27
KURA,2025-11-13,PRIORITY,0
AMRX,2025-11-13,STANDARD,97
ENGN,2025-11-11,,0
CYTK,2025-11-07,,0
RPRX,2025-11-07,,0
JNJ,2025-11-07,,0
BCAB,2025-11-07,,0
JNJ,2025-11-06,,0
CLDX,2025-11-06,,0
IBRX,2025-11-05,,0
BHVN,2025-11-04,,0
ESLA,2025-11-03,,0
AGIO,2025-11-03,,0
ALVO,2025-11-02,,0
AMRX,2025-10-29,STANDARD,96
ONCY,2025-10-28,,0
LLY,2025-10-27,,68
MRK,2025-10-27,,58
SNDX,2025-10-24,PRIORITY,1
BAYRY,2025-10-24,,6
GSK,2025-10-23,,0
GKOS,2025-10-20,STANDARD,5
RHHBY,2025-10-20,STANDARD,19
SNSE,2025-10-17,,
AZN,2025-10-17,,59
AMGN,2025-10-17,STANDARD,9
REGN,2025-10-17,,0
NVO,2025-10-15,STANDARD,9
CGEM,2025-10-13,,0
ABBV,2025-10-13,STANDARD,96
TEVA,2025-10-10,,84
REGN,2025-10-08,,0
ARQT,2025-10-06,STANDARD,2
RHHBY,2025-10-02,STANDARD,19
JAZZ,2025-10-02,PRIORITY,4
FBIO,2025-10-01,,0
NVS,2025-09-30,PRIORITY,87
JNJ,2025-09-29,,0
LLY,2025-09-25,,68
CRNX,2025-09-25,STANDARD,0
BIIB,2025-09-23,,6
AMRX,2025-09-23,STANDARD,94
SRRK,2025-09-23,,0
IONS,2025-09-23,,0
INCY,2025-09-19,,0
MRK,2025-09-19,,58
JNJ,2025-09-19,,0
KRYS,2025-09-15,,0
GMAB,2025-09-12,,0
AMRX,2025-09-11,STANDARD,94
JNJ,2025-09-09,,0
TAK,2025-09-05,,1
AMRX,2025-09-04,STANDARD,94
SNY,2025-08-29,,5
BIIB,2025-08-29,,6
OTLK,2025-08-28,,0
TEVA,2025-08-28,,84
LGND,2025-08-27,,0
BNTX,2025-08-27,,0
MRNA,2025-08-27,,0
TVTX,2025-08-27,STANDARD,1
NVAX,2025-08-27,,0
PRTA,2025-08-27,,0
PFE,2025-08-27,STANDARD,92
MRKR,2025-08-26,,0
VALN,2025-08-25,,0
IONI,2025-08-21,,0
IONS,2025-08-21,,0
PTCT,2025-08-19,,0
PGEN,2025-08-15,,0
NVO,2025-08-15,PRIORITY,9
TNXP,2025-08-15,STANDARD,0
IBRX,2025-08-13,,0
INSM,2025-08-12,,1
PHRRF,2025-08-11,,0
AMPH,2025-08-11,,0
TEVA,2025-08-06,,84
JAZZ,2025-08-06,,4
LENZ,2025-07-31,,0
REGN,2025-07-30,,0
ZLAB,2025-07-30,,0
ANIK,2025-07-30,,0
ASND,2025-07-28,,0
PTCT,2025-07-28,,0
APLS,2025-07-28,,
PHIO,2025-07-28,,0
REPL,2025-07-22,,0
RHHBY,2025-07-18,STANDARD,19
GSK,2025-07-17,,0
CUE,2025-07-16,,0
CAPR,2025-07-11,,0
ABEO,2025-07-11,,0
RARE,2025-07-11,,0
JSPR,2025-07-07,,0
KALV,2025-07-07,,
CMND,2025-07-03,,0
REGN,2025-07-02,,0
EXEL,2025-07-02,,1
UNCY,2025-06-30,,0
ABBV,2025-06-30,PRIORITY,96
TAK,2025-06-30,,1
INTS,2025-06-30,,0
BMY,2025-06-27,,21
GSK,2025-06-24,,0
AVBP,2025-06-23,,0
AZN,2025-06-23,,58
DSNKY,2025-06-23,,1
GHRS,2025-06-20,,0
GLPG,2025-06-19,,
GILD,2025-06-18,,6
NVS,2025-06-18,STANDARD,87
XNCR,2025-06-18,,0
INCY,2025-06-18,,0
CSLLY,2025-06-17,,0
LYEL,2025-06-17,,0
HOTH,2025-06-16,,
LTRN,2025-06-16,,0
JSPR,2025-06-16,,0
INCY,2025-06-15,,0
GMAB,2025-06-15,,0
JNJ,2025-06-13,,0
MRK,2025-06-13,,58
AMRX,2025-06-12,STANDARD,91
MRNA,2025-06-12,,0
URGN,2025-06-12,,0
BMY,2025-06-12,,21
NRIX,2025-06-12,,0
ADCT,2025-06-12,,0
NUVB,2025-06-11,PRIORITY,0
ABBV,2025-06-11,PRIORITY,96
ENTA,2025-06-11,,0
MRK,2025-06-09,,58
AXSM,2025-06-09,,2
TRAW,2025-06-03,,0
IMMX,2025-06-03,,0
REGN,2025-06-02,,0
SNY,2025-06-02,STANDARD,5
GMAB,2025-06-02,,0
MRNA,2025-05-31,,0
ETON,2025-05-29,STANDARD,6
ALC,2025-05-28,,23
SVRA,2025-05-27,,0
BMY,2025-05-23,STANDARD,21
REGN,2025-05-23,,0
BCTX,2025-05-23,,0
LQDA,2025-05-23,,0
RHHBY,2025-05-22,STANDARD,19
ARQT,2025-05-22,STANDARD,2
GSK,2025-05-22,,0
NVAX,2025-05-19,,0
AMRX,2025-05-15,STANDARD,89
INCY,2025-05-15,,0
MRK,2025-05-14,,58
ABBV,2025-05-14,STANDARD,96
CING,2025-05-14,,0
OGEN,2025-05-13,,0
VSTM,2025-05-08,,0
PHIO,2025-05-07,,0
TEVA,2025-05-05,,84
ALVO,2025-05-05,,0
JNJ,2025-04-30,,0
XRTX,2025-04-30,,0
ABEO,2025-04-29,,0
ABBV,2025-04-29,STANDARD,96
TLX,2025-04-28,,1
CLDI,2025-04-28,,0
URGN,2025-04-27,,0
TARA,2025-04-26,,0
ALXO,2025-04-25,,0
JNJ,2025-04-24,,0
EQ,2025-04-24,,0
ANTE,2025-04-23,,
REGN,2025-04-20,,0
REGN,2025-04-18,,0
SNY,2025-04-18,,5
MIRM,2025-04-14,STANDARD,4
IRWD,2025-04-14,,0
BMY,2025-04-11,PRIORITY,20
HALO,2025-04-10,,0
ARGX,2025-04-10,,0
BMY,2025-04-08,PRIORITY,20
ALDX,2025-04-03,,0
AMGN,2025-04-03,STANDARD,9
NVS,2025-04-03,STANDARD,87
ABBV,2025-04-02,STANDARD,96
CMPX,2025-04-01,,0
AZN,2025-03-31,,58
MIST,2025-03-28,,0
ALNY,2025-03-28,,0
INTE,2025-03-28,,0
SNY,2025-03-28,,5
NVS,2025-03-28,STANDARD,87
EQ,2025-03-27,,0
SLNO,2025-03-26,,
WVE,2025-03-26,,0
IPSEY,2025-03-26,STANDARD,4
EXEL,2025-03-26,,1
GSK,2025-03-25,,0
CGON,2025-03-24,,0
AURA,2025-03-24,,0
CNTA,2025-03-24,,
TLX,2025-03-21,,1
NVS,2025-03-20,STANDARD,87
ALNY,2025-03-20,,0
JNJ,2025-03-20,,0
XERS,2025-03-17,STANDARD,2
GLSI,2025-03-17,,0
ANIP,2025-03-14,,0
RNAZ,2025-03-13,,0
PHIO,2025-03-10,,0
SPRY,2025-03-05,,0
RHHBY,2025-03-03,,19
INDV,2025-02-24,PRIORITY,7
MIRM,2025-02-24,PRIORITY,3
SLS,2025-02-20,,0
APTO,2025-02-20,,
IBRX,2025-02-19,,0
HRMY,2025-02-19,,2
GSK,2025-02-17,,0
ALLO,2025-02-14,,0
CLLS,2025-02-14,,0
TURN,2025-02-14,,
ALPMY,2025-02-13,STANDARD,39
PFE,2025-02-12,STANDARD,92
RHHBY,2025-02-12,STANDARD,19
SWTX,2025-02-11,,
ABBV,2025-02-07,PRIORITY,95
RNAZ,2025-02-06,,0
SUPN,2025-02-04,,0
RHHBY,2025-02-04,STANDARD,19
VRTX,2025-01-30,,0
AXSM,2025-01-30,STANDARD,1
NVS,2025-01-29,STANDARD,87
NVO,2025-01-28,STANDARD,9
DSNKY,2025-01-27,,1
AZN,2025-01-27,PRIORITY,58
BIIB,2025-01-26,,6
AMRX,2025-01-23,STANDARD,86
LSTA,2025-01-22,,0
CHRS,2025-01-22,,0
IRON,2025-01-21,,0
JNJ,2025-01-21,,0
INBX,2025-01-21,,0
AZN,2025-01-17,PRIORITY,58
AMGN,2025-01-17,PRIORITY,9
ATRA,2025-01-16,,0
INCY,2025-01-16,,0
SNDX,2025-01-16,,1
LEXX,2025-01-15,,0
LLY,2025-01-15,STANDARD,68
PHIO,2025-01-13,,0
JSPR,2025-01-08,,0
KZIA,2025-01-02,,0
ANIP,2025-01-02,,0
IMCR,2022-01-25,,
CTIC,2022-02-28,,
AGIO,2022-02-17,,0
MRNS,2022-03-18,,
BTAI,2022-04-05,,
SLGL,2022-04-22,,
PHAT,2022-05-03,PRIORITY,0
ARQT,2022-07-29,STANDARD,0
CHRS,2022-08-02,,0
BLUE,2022-08-17,,
AXSM,2022-08-18,PRIORITY,0
RVNC,2022-09-07,,
SPPI,2022-09-09,,
HRTX,2022-09-16,,
FENC,2022-09-20,,
HROW,2022-09-27,,
AMLX,2022-09-29,,
SCPH,2022-10-07,,
PRVB,2022-11-17,,
FMTX,2022-12-01,,
MRTX,2022-12-12,,
ACER,2022-12-22,,
TGTX,2022-12-28,,
VCEL,2022-12-28,,
TVTX,2023-02-17,PRIORITY,0
APLS,2023-02-17,,
RETA,2023-02-28,,
ACAD,2023-03-10,,0
CDTX,2023-03-22,,
MCRB,2023-04-26,,
AVDL,2023-05-01,,
PLX,2023-05-09,,
EYEN,2023-05-05,,
KRYS,2023-05-19,,0
OPNT,2023-05-22,,
INVA,2023-05-23,,0
LXRX,2023-05-26,,
SRPT,2023-06-22,,0
BMRN,2023-06-29,,2
VRCA,2023-07-21,,
TARS,2023-07-25,,
SAGE,2023-08-04,,
DCTH,2023-08-14,,
BLRX,2023-09-08,,
OCUP,2023-09-25,,
FOLD,2023-09-28,,
ARDX,2023-10-17,,
CPRX,2023-10-26,,
PHAT,2023-11-01,STANDARD,2
CRMD,2023-11-15,,
SWTX,2023-11-27,,
GKOS,2023-12-13,STANDARD,3
