date,open,high,low,close,adjclose,volume
2021-08-02,16891876.0,17340750.0,16537500.0,17128124.0,17128124.0,0
2021-08-03,17010000.0,17010000.0,16301250.0,16537500.0,16537500.0,0
2021-08-04,16301250.0,16537500.0,15710625.0,16065000.0,16065000.0,0
2021-08-05,15946875.0,16065000.0,15592500.0,15710625.0,15710625.0,0
2021-08-06,15946875.0,16183125.0,15356250.0,16065000.0,16065000.0,0
2021-08-09,15982312.0,16065000.0,15710625.0,15828750.0,15828750.0,0
2021-08-10,15828750.0,16065000.0,15474375.0,15710625.0,15710625.0,0
2021-08-11,15710625.0,15710625.0,15356250.0,15592500.0,15592500.0,0
2021-08-12,15592500.0,15828750.0,15120000.0,15710625.0,15710625.0,0
2021-08-13,15120000.0,15238125.0,14175000.0,14647500.0,14647500.0,1
2021-08-16,14529375.0,14529375.0,13702500.0,13702500.0,13702500.0,0
2021-08-17,13466250.0,13832438.0,12875625.0,13466250.0,13466250.0,0
2021-08-18,13348125.0,13938750.0,12993750.0,13348125.0,13348125.0,0
2021-08-19,13230000.0,14293125.0,13111875.0,13230000.0,13230000.0,0
2021-08-20,13111875.0,13584375.0,12993750.0,13348125.0,13348125.0,0
2021-08-23,13253625.0,13820625.0,13230000.0,13702500.0,13702500.0,0
2021-08-24,13702500.0,14765625.0,13702500.0,14175000.0,14175000.0,0
2021-08-25,14293125.0,14647500.0,13938750.0,14411250.0,14411250.0,0
2021-08-26,14411250.0,14765625.0,13938750.0,14293125.0,14293125.0,0
2021-08-27,14493938.0,14765625.0,13950562.0,14411250.0,14411250.0,0
2021-08-30,14411250.0,14647500.0,13938750.0,14175000.0,14175000.0,0
2021-08-31,13938750.0,14517562.0,13702500.0,14175000.0,14175000.0,0
2021-09-01,14175000.0,14529375.0,14056875.0,14293125.0,14293125.0,0
2021-09-02,14056875.0,14647500.0,14056875.0,14175000.0,14175000.0,0
2021-09-03,14056875.0,14293125.0,13584375.0,13702500.0,13702500.0,0
2021-09-07,11340000.0,11812500.0,10631250.0,11340000.0,11340000.0,2
2021-09-08,10631250.0,10788750.0,9568125.0,10355625.0,10355625.0,1
2021-09-09,10237500.0,11970000.0,10237500.0,10513125.0,10513125.0,1
2021-09-10,10694250.0,10694250.0,10119375.0,10237500.0,10237500.0,0
2021-09-13,10237500.0,10395000.0,9765000.0,9843750.0,9843750.0,1
2021-09-14,9843750.0,10001250.0,8938125.0,9253125.0,9253125.0,1
2021-09-15,9450000.0,9686250.0,9174375.0,9331875.0,9331875.0,0
2021-09-16,9410625.0,9568125.0,8906625.0,9331875.0,9331875.0,0
2021-09-17,9292500.0,9489375.0,9056250.0,9489375.0,9489375.0,0
2021-09-20,9016875.0,9201938.0,8347500.0,8623125.0,8623125.0,1
2021-09-21,8780625.0,8898750.0,8465625.0,8820000.0,8820000.0,0
2021-09-22,8859375.0,9253125.0,8583750.0,9016875.0,9016875.0,0
2021-09-23,9450000.0,9883125.0,8938125.0,9607500.0,9607500.0,1
2021-09-24,9150750.0,9450000.0,8780625.0,8820000.0,8820000.0,0
2021-09-27,8820000.0,9469688.0,8745188.0,9174375.0,9174375.0,0
2021-09-28,9135000.0,9213750.0,8800312.0,8820000.0,8820000.0,0
2021-09-29,9095625.0,9135000.0,8386875.0,8426250.0,8426250.0,0
2021-09-30,8386875.0,9292500.0,8268750.0,8938125.0,8938125.0,0
2021-10-01,8977500.0,9095625.0,8465625.0,8583750.0,8583750.0,0
2021-10-04,8804250.0,8804250.0,8308125.0,8426250.0,8426250.0,0
2021-10-05,8465625.0,8564062.0,7993125.0,8150625.0,8150625.0,0
2021-10-06,7993125.0,8075812.5,7756875.0,7756875.0,7756875.0,0
2021-10-07,7638750.0,8386875.0,7481250.0,8071875.0,8071875.0,1
2021-10-08,8111250.0,8445938.0,7953750.0,8190000.0,8190000.0,0
2021-10-11,8268750.0,8347500.0,8071875.0,8268750.0,8268750.0,0
2021-10-12,8268750.0,8505000.0,8071875.0,8190000.0,8190000.0,0
2021-10-13,8111250.0,8308125.0,7993125.0,8268750.0,8268750.0,0
2021-10-14,8229375.0,8268750.0,8032500.0,8190000.0,8190000.0,0
2021-10-15,8190000.0,8229375.0,7875000.0,7914375.0,7914375.0,0
2021-10-18,7914375.0,8071875.0,7796250.0,7835625.0,7835625.0,0
2021-10-19,7993125.0,7993125.0,7717500.0,7796250.0,7796250.0,0
2021-10-20,7756875.0,7914375.0,7678125.0,7796250.0,7796250.0,0
2021-10-21,7756875.0,7855312.5,7638750.0,7678125.0,7678125.0,0
2021-10-22,7481250.0,7560000.0,7126875.0,7126875.0,7126875.0,0
2021-10-25,8150625.0,8465625.0,7205625.0,7953750.0,7953750.0,2
2021-10-26,7914375.0,10473750.0,7560000.0,9765000.0,9765000.0,4
2021-10-27,8701875.0,8938125.0,8071875.0,8071875.0,8071875.0,1
2021-10-28,8347500.0,8505000.0,8032500.0,8268750.0,8268750.0,0
2021-10-29,8268750.0,8662500.0,8268750.0,8386875.0,8386875.0,1
2021-11-01,8544375.0,8859375.0,8308125.0,8386875.0,8386875.0,0
2021-11-02,8465625.0,8505000.0,7938000.0,8150625.0,8150625.0,0
2021-11-03,7993125.0,8190000.0,7914375.0,7953750.0,7953750.0,0
2021-11-04,8111250.0,8505000.0,8032500.0,8308125.0,8308125.0,1
2021-11-05,8347500.0,8347500.0,7815937.5,7993125.0,7993125.0,0
2021-11-08,8067937.5,8229375.0,7875000.0,7993125.0,7993125.0,0
2021-11-09,7875000.0,7993125.0,7658437.5,7914375.0,7914375.0,0
2021-11-10,7835625.0,7953750.0,7323750.0,7402500.0,7402500.0,1
2021-11-11,7402500.0,7560000.0,7311937.5,7363125.0,7363125.0,0
2021-11-12,7441875.0,7579687.5,7205625.0,7441875.0,7441875.0,0
2021-11-15,7481250.0,7560000.0,7008750.0,7245000.0,7245000.0,0
2021-11-16,7087500.0,7126875.0,6811875.0,6851250.0,6851250.0,0
2021-11-17,6693750.0,7008750.0,6339375.0,6378750.0,6378750.0,1
2021-11-18,6339375.0,6339375.0,5630625.0,5709375.0,5709375.0,1
2021-11-19,5807812.5,6181875.0,5709375.0,5945625.0,5945625.0,0
2021-11-22,5985000.0,5985000.0,5394375.0,5433750.0,5433750.0,0
2021-11-23,5433750.0,5551875.0,5315625.0,5394375.0,5394375.0,0
2021-11-24,5315625.0,5788125.0,5240812.5,5630625.0,5630625.0,0
2021-11-26,5512500.0,5591250.0,5315625.0,5433750.0,5433750.0,0
2021-11-29,5512500.0,5512500.0,5158125.0,5197500.0,5197500.0,0
2021-11-30,5118750.0,5315625.0,4843125.0,5158125.0,5158125.0,0
2021-12-01,5236875.0,5355000.0,4725000.0,4764375.0,4764375.0,0
2021-12-02,4725000.0,5079375.0,4528125.0,5000625.0,5000625.0,0
2021-12-03,4921875.0,5000625.0,4567500.0,4646250.0,4646250.0,0
2021-12-06,4528125.0,4685625.0,4134375.0,4606875.0,4606875.0,0
2021-12-07,4646250.0,5433750.0,4646250.0,5197500.0,5197500.0,0
2021-12-08,5197500.0,5276250.0,4803750.0,5236875.0,5236875.0,0
2021-12-09,5315625.0,5748750.0,5118750.0,5276250.0,5276250.0,0
2021-12-10,5394375.0,5670000.0,4882500.0,5040000.0,5040000.0,1
2021-12-13,4843125.0,4921875.0,4488750.0,4764375.0,4764375.0,1
2021-12-14,4646250.0,4744687.5,4488750.0,4567500.0,4567500.0,0
2021-12-15,4567500.0,4606875.0,4173750.0,4528125.0,4528125.0,0
2021-12-16,4449375.0,4646250.0,4268250.0,4410000.0,4410000.0,0
2021-12-17,4331250.0,4646250.0,4173750.0,4449375.0,4449375.0,0
2021-12-20,4331250.0,4606875.0,4252500.0,4528125.0,4528125.0,0
2021-12-21,4528125.0,7422187.5,4488750.0,5433750.0,5433750.0,22
2021-12-22,5040000.0,5236875.0,4567500.0,4646250.0,4646250.0,2
2021-12-23,4567500.0,4843125.0,4449375.0,4567500.0,4567500.0,1
2021-12-27,4567500.0,4567500.0,4331250.0,4449375.0,4449375.0,1
2021-12-28,4331250.0,4449375.0,4055625.0,4095000.0,4095000.0,1
2021-12-29,4055625.0,4213125.0,3937500.0,4055625.0,4055625.0,1
2021-12-30,4095000.0,4291875.0,3976875.0,4134375.0,4134375.0,0
2021-12-31,4095000.0,4252500.0,4016250.0,4095000.0,4095000.0,0
2022-01-03,4095000.0,4327312.5,4091062.5,4213125.0,4213125.0,0
2022-01-04,4370625.0,4449375.0,4173750.0,4213125.0,4213125.0,1
2022-01-05,4189500.0,4213125.0,3843000.0,3874500.0,3874500.0,1
2022-01-06,3839062.5,3937500.0,3622500.0,3748500.0,3748500.0,0
2022-01-07,3661875.0,3858750.0,3661875.0,3681562.5,3681562.5,0
2022-01-10,3622500.0,3661875.0,3465000.0,3555562.5,3555562.5,0
2022-01-11,3445312.5,3898125.0,3445312.5,3661875.0,3661875.0,1
2022-01-12,4134375.0,4213125.0,3783937.5,4016250.0,4016250.0,2
2022-01-13,3858750.0,3906000.0,3665812.5,3740625.0,3740625.0,1
2022-01-14,3693375.0,3858750.0,3583125.0,3791812.5,3791812.5,0
2022-01-18,3701250.0,3740625.0,3591000.0,3610687.5,3610687.5,0
2022-01-19,3622500.0,3622500.0,3386250.0,3437437.5,3437437.5,0
2022-01-20,3425625.0,3583125.0,3382312.5,3398062.5,3398062.5,0
2022-01-21,3362625.0,3386250.0,3110625.0,3177562.5,3177562.5,0
2022-01-24,2972812.5,3150000.0,2756250.0,3083062.5,3083062.5,0
2022-01-25,3071250.0,3268125.0,2953125.0,3150000.0,3150000.0,0
2022-01-26,3268125.0,3350812.5,2964937.5,3008250.0,3008250.0,0
2022-01-27,3150000.0,3189375.0,2764125.0,2775937.5,2775937.5,0
2022-01-28,2760187.5,2945250.0,2716875.0,2854687.5,2854687.5,0
2022-01-31,2874375.0,3228750.0,2874375.0,3205125.0,3205125.0,0
2022-02-01,3252375.0,3441375.0,3138187.5,3315375.0,3315375.0,0
2022-02-02,3504375.0,3504375.0,3157875.0,3189375.0,3189375.0,0
2022-02-03,3150000.0,3181500.0,2870437.5,2909812.5,2909812.5,0
2022-02-04,2870437.5,2992500.0,2870437.5,2949187.5,2949187.5,0
2022-02-07,2992500.0,3150000.0,2953125.0,3024000.0,3024000.0,0
2022-02-08,3090937.5,3142125.0,2992500.0,3012187.5,3012187.5,0
2022-02-09,3047625.0,3228750.0,3024000.0,3173625.0,3173625.0,0
2022-02-10,3150000.0,3173625.0,2862562.5,2874375.0,2874375.0,1
2022-02-11,2874375.0,2953125.0,2602687.5,2638125.0,2638125.0,1
2022-02-14,2689312.5,2709000.0,2413687.5,2429437.5,2429437.5,1
2022-02-15,2520000.0,2614500.0,2480625.0,2579062.5,2579062.5,0
2022-02-16,2559375.0,2598750.0,2460937.5,2476687.5,2476687.5,0
2022-02-17,2488500.0,2531812.5,2323125.0,2354625.0,2354625.0,0
2022-02-18,2362500.0,2401875.0,2130187.5,2157750.0,2157750.0,1
2022-02-22,1968750.0,2086875.0,1949062.5,1949062.5,1949062.5,1
2022-02-23,1988437.5,2027812.5,1834875.0,1870312.5,1870312.5,0
2022-02-24,1693125.0,1842750.0,1614375.0,1842750.0,1842750.0,1
2022-02-25,1901812.5,1929375.0,1775812.5,1819125.0,1819125.0,0
2022-02-28,1850625.0,1850625.0,1752187.5,1795500.0,1795500.0,1
2022-03-01,1842750.0,2039625.0,1767937.5,1850625.0,1850625.0,3
2022-03-02,1819125.0,1838812.5,1653750.0,1728562.5,1728562.5,2
2022-03-03,1732500.0,1756125.0,1610437.5,1630125.0,1630125.0,3
2022-03-04,1614375.0,1614375.0,1504125.0,1575000.0,1575000.0,2
2022-03-07,1571062.5,1571062.5,1456875.0,1492312.5,1492312.5,1
2022-03-08,1456875.0,1771875.0,1350562.5,1590750.0,1590750.0,2
2022-03-09,1614375.0,1791562.5,1519875.0,1653750.0,1653750.0,2
2022-03-10,1575000.0,1634062.5,1547437.5,1602562.5,1602562.5,1
2022-03-11,1653750.0,1653750.0,1535625.0,1535625.0,1535625.0,1
2022-03-14,1535625.0,1653750.0,1468687.5,1484437.5,1484437.5,1
2022-03-15,1480500.0,2264062.5,1421437.5,2145937.5,2145937.5,10
2022-03-16,2047500.0,2126250.0,1728562.5,1807312.5,1807312.5,4
2022-03-17,1732500.0,2303437.5,1665562.5,2134125.0,2134125.0,4
2022-03-18,2059312.5,2484562.5,2008125.0,2346750.0,2346750.0,2
2022-03-21,2362500.0,2362500.0,2098687.5,2149875.0,2149875.0,1
2022-03-22,2126250.0,2401875.0,2126250.0,2260125.0,2260125.0,1
2022-03-23,2224687.5,2449125.0,2205000.0,2299500.0,2299500.0,1
2022-03-24,2362500.0,2441250.0,2169562.5,2228625.0,2228625.0,1
2022-03-25,2283750.0,2299500.0,2012062.5,2047500.0,2047500.0,1
2022-03-28,2051437.5,2142000.0,1968750.0,2043562.5,2043562.5,1
2022-03-29,2114437.5,2142000.0,2008125.0,2122312.5,2122312.5,0
2022-03-30,2106562.5,2205000.0,2047500.0,2110500.0,2110500.0,0
2022-03-31,2429437.5,3209062.5,2264062.5,2791687.5,2791687.5,9
2022-04-01,2661750.0,2677500.0,2401875.0,2480625.0,2480625.0,2
2022-04-04,2551500.0,3031875.0,2488500.0,2803500.0,2803500.0,2
2022-04-05,2756250.0,2795625.0,2559375.0,2590875.0,2590875.0,1
2022-04-06,2559375.0,2598750.0,2307375.0,2370375.0,2370375.0,1
2022-04-07,2362500.0,2547562.5,2350687.5,2413687.5,2413687.5,0
2022-04-08,2433375.0,2520000.0,2208937.5,2283750.0,2283750.0,1
2022-04-11,2244375.0,2323125.0,2086875.0,2165625.0,2165625.0,1
2022-04-12,2205000.0,2283750.0,2008125.0,2071125.0,2071125.0,0
2022-04-13,2067187.5,2362500.0,1988437.5,2311312.5,2311312.5,1
2022-04-14,2405812.5,2460937.5,2205000.0,2220750.0,2220750.0,0
2022-04-18,2205000.0,2205000.0,2008125.0,2138062.5,2138062.5,0
2022-04-19,2126250.0,2244375.0,2090812.5,2236500.0,2236500.0,0
2022-04-20,2271937.5,2271937.5,2130187.5,2134125.0,2134125.0,0
2022-04-21,2185312.5,2244375.0,1890000.0,1972687.5,1972687.5,0
2022-04-22,1968750.0,2008125.0,1890000.0,1968750.0,1968750.0,0
2022-04-25,1937250.0,1976625.0,1834875.0,1901812.5,1901812.5,0
2022-04-26,1890000.0,1945125.0,1693125.0,1752187.5,1752187.5,0
2022-04-27,1771875.0,1890000.0,1752187.5,1874250.0,1874250.0,0
2022-04-28,1874250.0,1945125.0,1704937.5,1830937.5,1830937.5,0
2022-04-29,1893937.5,1929375.0,1764000.0,1764000.0,1764000.0,0
2022-05-02,1771875.0,1850625.0,1704937.5,1771875.0,1771875.0,0
2022-05-03,1811250.0,1850625.0,1756125.0,1803375.0,1803375.0,0
2022-05-04,1791562.5,1850625.0,1701000.0,1830937.5,1830937.5,0
2022-05-05,1811250.0,1870312.5,1701000.0,1760062.5,1760062.5,0
2022-05-06,1693125.0,1760062.5,1594687.5,1665562.5,1665562.5,0
2022-05-09,1645875.0,1673437.5,1578937.5,1630125.0,1630125.0,0
2022-05-10,1614375.0,1716750.0,1519875.0,1575000.0,1575000.0,0
2022-05-11,1535625.0,1575000.0,1417500.0,1512000.0,1512000.0,0
2022-05-12,1456875.0,1531687.5,1425375.0,1496250.0,1496250.0,0
2022-05-13,1519875.0,1653750.0,1500187.5,1606500.0,1606500.0,0
2022-05-16,1578937.5,1653750.0,1519875.0,1527750.0,1527750.0,0
2022-05-17,1527750.0,1606500.0,1527750.0,1590750.0,1590750.0,0
2022-05-18,1575000.0,1614375.0,1515937.5,1539562.5,1539562.5,0
2022-05-19,1531687.5,1614375.0,1531687.5,1543500.0,1543500.0,0
2022-05-20,1575000.0,1712812.5,1551375.0,1571062.5,1571062.5,0
2022-05-23,1610437.5,1641937.5,1531687.5,1551375.0,1551375.0,0
2022-05-24,1563187.5,1563187.5,1452937.5,1476562.5,1476562.5,0
2022-05-25,1512000.0,1575000.0,1456875.0,1476562.5,1476562.5,0
2022-05-26,1476562.5,1496250.0,1417500.0,1456875.0,1456875.0,0
2022-05-27,1492312.5,1496250.0,1421437.5,1476562.5,1476562.5,0
2022-05-31,1515937.5,1515937.5,1417500.0,1433250.0,1433250.0,0
2022-06-01,1456875.0,1456875.0,1382062.5,1397812.5,1397812.5,0
2022-06-02,1382062.5,1401750.0,1319062.5,1382062.5,1382062.5,1
2022-06-03,1417500.0,1417500.0,1346625.0,1358437.5,1358437.5,0
2022-06-06,1417500.0,1417500.0,1279687.5,1370250.0,1370250.0,0
2022-06-07,1338750.0,1362375.0,1303312.5,1346625.0,1346625.0,0
2022-06-08,1378125.0,1405687.5,1346625.0,1382062.5,1382062.5,0
2022-06-09,1456875.0,1496250.0,1346625.0,1378125.0,1378125.0,1
2022-06-10,1338750.0,1389937.5,1319062.5,1342687.5,1342687.5,0
2022-06-13,1338750.0,1342687.5,1126125.0,1181250.0,1181250.0,0
2022-06-14,1181250.0,1220625.0,1126125.0,1181250.0,1181250.0,0
2022-06-15,1181250.0,1212750.0,1161562.5,1212750.0,1212750.0,0
2022-06-16,1181250.0,1189125.0,1126125.0,1145812.5,1145812.5,0
2022-06-17,1177312.5,1204875.0,1063125.0,1063125.0,1063125.0,0
2022-06-21,1177312.5,1181250.0,1126125.0,1126125.0,1126125.0,0
2022-06-22,1149750.0,1200937.5,1141875.0,1145812.5,1145812.5,0
2022-06-23,1181250.0,1236375.0,1086750.0,1193062.5,1193062.5,0
2022-06-24,1417500.0,1496250.0,1260000.0,1260000.0,1260000.0,3
2022-06-27,1260000.0,1275750.0,1181250.0,1232437.5,1232437.5,1
2022-06-28,1256062.5,1260000.0,1189125.0,1228500.0,1228500.0,0
2022-06-29,1299375.0,1437187.5,1228500.0,1260000.0,1260000.0,3
2022-06-30,1212750.0,1228500.0,1145812.5,1157625.0,1157625.0,1
2022-07-01,1157625.0,1220625.0,1141875.0,1212750.0,1212750.0,0
2022-07-05,1181250.0,1267875.0,1181250.0,1240312.5,1240312.5,0
2022-07-06,1260000.0,1267875.0,1208812.5,1244250.0,1244250.0,0
2022-07-07,1295437.5,1330875.0,1220625.0,1311187.5,1311187.5,1
2022-07-08,1311187.5,1311187.5,1236375.0,1307250.0,1307250.0,0
2022-07-11,1299375.0,1358437.5,1220625.0,1319062.5,1319062.5,1
2022-07-12,1326937.5,1326937.5,1267875.0,1299375.0,1299375.0,0
2022-07-13,1256062.5,1319062.5,1256062.5,1299375.0,1299375.0,0
2022-07-14,1279687.5,1299375.0,1224562.5,1256062.5,1256062.5,0
2022-07-15,1224562.5,1260000.0,1224562.5,1240312.5,1240312.5,0
2022-07-18,1260000.0,1279687.5,1224562.5,1240312.5,1240312.5,0
2022-07-19,1260000.0,1267875.0,1224562.5,1240312.5,1240312.5,0
2022-07-20,1256062.5,1271812.5,1216687.5,1248187.5,1248187.5,1
2022-07-21,1260000.0,1338750.0,1228500.0,1295437.5,1295437.5,1
2022-07-22,1299375.0,1330875.0,1240312.5,1248187.5,1248187.5,1
2022-07-25,1283625.0,1393875.0,1248187.5,1319062.5,1319062.5,3
2022-07-26,1326937.5,1413562.5,1063125.0,1122187.5,1122187.5,5
2022-07-27,1141875.0,1157625.0,1067062.5,1090687.5,1090687.5,1
2022-07-28,1078875.0,1098562.5,1023750.0,1082812.5,1082812.5,1
2022-07-29,1082812.5,1082812.5,1004062.5,1011937.5,1011937.5,1
2022-08-01,1031625.0,1031625.0,976500.0,980437.5,980437.5,1
2022-08-02,1004062.5,1023750.0,968625.0,976500.0,976500.0,1
2022-08-03,980437.5,1019812.5,976500.0,1004062.5,1004062.5,1
2022-08-04,1023750.0,1074937.5,1015875.0,1067062.5,1067062.5,2
2022-08-05,1063125.0,1078875.0,984375.0,1023750.0,1023750.0,2
2022-08-08,1023750.0,1074937.5,1008000.0,1055250.0,1055250.0,1
2022-08-09,1122187.5,1177312.5,1063125.0,1094625.0,1094625.0,3
2022-08-10,1122187.5,1134000.0,1074937.5,1074937.5,1074937.5,1
2022-08-11,1181250.0,1240312.5,1118250.0,1149750.0,1149750.0,3
2022-08-12,1149750.0,1181250.0,1122187.5,1141875.0,1141875.0,1
2022-08-15,1102500.0,1260000.0,1094625.0,1177312.5,1177312.5,2
2022-08-16,1153687.5,1161562.5,1063125.0,1122187.5,1122187.5,2
2022-08-17,1102500.0,1153687.5,1063125.0,1102500.0,1102500.0,1
2022-08-18,1102500.0,1102500.0,1031625.0,1051312.5,1051312.5,1
2022-08-19,1063125.0,1074937.5,1043437.5,1051312.5,1051312.5,1
2022-08-22,1102500.0,1110375.0,917437.5,945000.0,945000.0,3
2022-08-23,952875.0,1043437.5,945000.0,956812.5,956812.5,2
2022-08-24,964687.5,984375.0,878062.5,929250.0,929250.0,2
2022-08-25,980437.5,984375.0,905625.0,921375.0,921375.0,1
2022-08-26,913500.0,976500.0,870187.5,960750.0,960750.0,2
2022-08-29,945000.0,1004062.5,905625.0,964687.5,964687.5,1
2022-08-30,992250.0,1015875.0,905625.0,913500.0,913500.0,1
2022-08-31,909562.5,1004062.5,905625.0,925312.5,925312.5,1
2022-09-01,933187.5,945000.0,846562.5,866250.0,866250.0,2
2022-09-02,858375.0,901687.5,830812.5,866250.0,866250.0,1
2022-09-06,858375.0,870187.5,815062.5,830812.5,830812.5,1
2022-09-07,803250.0,862312.5,803250.0,834750.0,834750.0,1
2022-09-08,834750.0,866250.0,807187.5,858375.0,858375.0,1
2022-09-09,866250.0,885937.5,850500.0,870187.5,870187.5,1
2022-09-12,889875.0,893812.5,846562.5,870187.5,870187.5,1
2022-09-13,846562.5,945000.0,846562.5,937125.0,937125.0,2
2022-09-14,921375.0,1011937.5,878062.5,905625.0,905625.0,1
2022-09-15,945000.0,984375.0,913500.0,913500.0,913500.0,1
2022-09-16,913500.0,945000.0,866250.0,866250.0,866250.0,1
2022-09-19,811125.0,842625.0,708750.0,748125.0,748125.0,3
2022-09-20,752062.5,752062.5,720562.5,724500.0,724500.0,1
2022-09-21,720562.5,748125.0,708750.0,708750.0,708750.0,0
2022-09-22,708750.0,720562.5,610312.5,653625.0,653625.0,1
2022-09-23,630000.0,669375.0,602437.5,657562.5,657562.5,1
2022-09-26,645750.0,649687.5,610312.5,626062.5,626062.5,1
2022-09-27,622125.0,649687.5,590625.0,645750.0,645750.0,1
2022-09-28,633937.5,700875.0,633937.5,669375.0,669375.0,1
2022-09-29,704812.5,724500.0,626062.5,633937.5,633937.5,1
2022-09-30,633937.5,669375.0,610312.5,614250.0,614250.0,1
2022-10-03,618187.5,645750.0,555187.5,641812.5,641812.5,1
2022-10-04,645750.0,665437.5,633937.5,657562.5,657562.5,1
2022-10-05,681187.5,708750.0,645750.0,708750.0,708750.0,1
2022-10-06,716625.0,728437.5,669375.0,673312.5,673312.5,1
2022-10-07,669375.0,677250.0,649687.5,649687.5,649687.5,0
2022-10-10,641812.5,653625.0,602437.5,610312.5,610312.5,0
2022-10-11,606375.0,610312.5,555187.5,559125.0,559125.0,1
2022-10-12,555187.5,598500.0,551250.0,559125.0,559125.0,1
2022-10-13,563062.5,590625.0,551250.0,574875.0,574875.0,1
2022-10-14,590625.0,590625.0,547312.5,555187.5,555187.5,0
2022-10-17,630000.0,677250.0,610312.5,622125.0,622125.0,2
2022-10-18,630000.0,657562.5,598500.0,622125.0,622125.0,1
2022-10-19,630000.0,630000.0,563062.5,578812.5,578812.5,1
2022-10-20,578812.5,590625.0,559125.0,567000.0,567000.0,1
2022-10-21,570937.5,590625.0,555187.5,570937.5,570937.5,1
2022-10-24,578812.5,582750.0,535500.0,559125.0,559125.0,1
2022-10-25,551250.0,563062.5,515812.5,555187.5,555187.5,1
2022-10-26,555187.5,570937.5,547312.5,567000.0,567000.0,1
2022-10-27,582750.0,582750.0,551250.0,555187.5,555187.5,0
2022-10-28,551250.0,559125.0,535500.0,551250.0,551250.0,0
2022-10-31,551250.0,559125.0,539437.5,551250.0,551250.0,0
2022-11-01,547312.5,555187.5,535500.0,547312.5,547312.5,0
2022-11-02,563062.5,563062.5,523687.5,527625.0,527625.0,0
2022-11-03,551250.0,555187.5,515812.5,547312.5,547312.5,0
2022-11-04,551250.0,551250.0,519750.0,523687.5,523687.5,0
2022-11-07,531562.5,531562.5,519750.0,527625.0,527625.0,0
2022-11-08,531562.5,531562.5,511875.0,531562.5,531562.5,0
2022-11-09,527625.0,527625.0,492187.5,504000.0,504000.0,1
2022-11-10,511875.0,531562.5,492187.5,511875.0,511875.0,0
2022-11-11,527625.0,630000.0,515812.5,590625.0,590625.0,2
2022-11-14,547312.5,610312.5,519750.0,555187.5,555187.5,1
2022-11-15,559125.0,570937.5,547312.5,551250.0,551250.0,1
2022-11-16,551250.0,559125.0,535500.0,535500.0,535500.0,0
2022-11-17,531562.5,531562.5,504000.0,511875.0,511875.0,1
2022-11-18,547312.5,547312.5,492187.5,511875.0,511875.0,0
2022-11-21,511875.0,531562.5,472500.0,480375.0,480375.0,1
2022-11-22,476437.5,500062.5,452812.5,480375.0,480375.0,1
2022-11-23,476437.5,480375.0,460687.5,472500.0,472500.0,1
2022-11-25,460687.5,480375.0,452812.5,456750.0,456750.0,0
2022-11-28,472500.0,515812.5,460687.5,515812.5,515812.5,1
2022-11-29,531562.5,535500.0,484312.5,504000.0,504000.0,2
2022-11-30,511875.0,531562.5,476437.5,511875.0,511875.0,1
2022-12-01,511875.0,598500.0,504000.0,511875.0,511875.0,3
2022-12-02,511875.0,511875.0,480375.0,484312.5,484312.5,1
2022-12-05,492187.5,492187.5,448875.0,456750.0,456750.0,2
2022-12-06,476437.5,476437.5,444937.5,452812.5,452812.5,1
2022-12-07,460687.5,460687.5,413437.5,444937.5,444937.5,1
2022-12-08,441000.0,444937.5,413437.5,441000.0,441000.0,1
2022-12-09,441000.0,441000.0,421312.5,433125.0,433125.0,1
2022-12-12,444937.5,480375.0,421312.5,464625.0,464625.0,2
2022-12-13,472500.0,484312.5,441000.0,472500.0,472500.0,1
2022-12-14,492187.5,500062.5,441000.0,441000.0,441000.0,1
2022-12-15,452812.5,452812.5,421312.5,425250.0,425250.0,1
2022-12-16,452812.5,452812.5,417375.0,417375.0,417375.0,1
2022-12-19,425250.0,433125.0,385875.0,397687.5,397687.5,1
2022-12-20,397687.5,417375.0,381937.5,381937.5,381937.5,1
2022-12-21,381937.5,409500.0,381937.5,393750.0,393750.0,1
2022-12-22,385875.0,401625.0,385875.0,389812.5,389812.5,1
2022-12-23,393750.0,393750.0,362250.0,362250.0,362250.0,1
2022-12-27,381937.5,381937.5,334687.5,338625.0,338625.0,2
2022-12-28,342562.5,342562.5,318937.5,330750.0,330750.0,1
2022-12-29,334687.5,350437.5,326812.5,342562.5,342562.5,1
2022-12-30,342562.5,358312.5,326812.5,342562.5,342562.5,3
2023-01-03,342562.5,354375.0,334687.5,346500.0,346500.0,1
2023-01-04,346500.0,374062.5,342562.5,362250.0,362250.0,2
2023-01-05,366187.5,366187.5,350437.5,358312.5,358312.5,1
2023-01-06,354375.0,362250.0,346500.0,346500.0,346500.0,1
2023-01-09,354375.0,358312.5,334687.5,354375.0,354375.0,1
2023-01-10,385875.0,433125.0,358312.5,397687.5,397687.5,11
2023-01-11,448875.0,480375.0,425250.0,456750.0,456750.0,21
2023-01-12,456750.0,456750.0,354375.0,393750.0,393750.0,11
2023-01-13,381937.5,385875.0,358312.5,374062.5,374062.5,5
2023-01-17,378000.0,378000.0,354375.0,362250.0,362250.0,3
2023-01-18,374062.5,374062.5,354375.0,358312.5,358312.5,3
2023-01-19,350437.5,354375.0,326812.5,334687.5,334687.5,3
2023-01-20,362250.0,393750.0,326812.5,334687.5,334687.5,13
2023-01-23,318150.0,322875.0,276150.0,285075.0,285075.0,14
2023-01-24,284025.0,284025.0,257775.0,259875.0,259875.0,10
2023-01-25,268275.0,276150.0,255675.0,260400.0,260400.0,28
2023-01-26,264075.0,266700.0,233625.0,236775.0,236775.0,12
2023-01-27,234675.0,250425.0,233625.0,246750.0,246750.0,6
2023-01-30,244125.0,248850.0,240450.0,244125.0,244125.0,4
2023-01-31,244125.0,245700.0,234150.0,237825.0,237825.0,3
2023-02-01,247275.0,251475.0,235725.0,238350.0,238350.0,6
2023-02-02,239400.0,241500.0,233100.0,237300.0,237300.0,5
2023-02-03,239400.0,264600.0,234675.0,246750.0,246750.0,19
2023-02-06,253050.0,255570.0,236250.0,237825.0,237825.0,6
2023-02-07,236250.0,239400.0,229425.0,235725.0,235725.0,6
2023-02-08,234150.0,237300.0,218400.0,219975.0,219975.0,6
2023-02-09,219975.0,229425.0,210577.5,226275.0,226275.0,10
2023-02-10,221550.0,221550.0,209475.0,211575.0,211575.0,4
2023-02-13,211575.0,214200.0,179025.0,181125.0,181125.0,8
2023-02-14,179550.0,182017.5,166950.0,169575.0,169575.0,8
2023-02-15,168000.0,179550.0,167475.0,174300.0,174300.0,6
2023-02-16,171150.0,181125.0,169050.0,173250.0,173250.0,6
2023-02-17,172200.0,179025.0,166950.0,169050.0,169050.0,8
2023-02-21,166425.0,168000.0,145372.5,146475.0,146475.0,10
2023-02-22,145950.0,148575.0,133350.0,134400.0,134400.0,7
2023-02-23,139650.0,141750.0,124425.0,126525.0,126525.0,31
2023-02-24,120750.0,123375.0,112875.0,113400.0,113400.0,19
2023-02-27,115500.0,120750.0,102375.0,103950.0,103950.0,53
2023-02-28,103425.0,105000.0,99225.0,100800.0,100800.0,21
2023-03-01,99750.0,100800.0,88200.0,89775.0,89775.0,18
2023-03-02,87675.0,96075.0,84000.0,87675.0,87675.0,34
2023-03-03,88200.0,88200.0,80325.0,82425.0,82425.0,26
2023-03-06,80850.0,82162.5,75600.0,76125.0,76125.0,21
2023-03-07,77700.0,78225.0,73500.0,74550.0,74550.0,18
2023-03-08,74025.0,78225.0,69300.0,71400.0,71400.0,37
2023-03-09,71400.0,73500.0,66675.0,68250.0,68250.0,22
2023-03-10,65625.0,66097.5,59850.0,60900.0,60900.0,31
2023-03-13,57750.0,59850.0,55125.0,57225.0,57225.0,22
2023-03-14,57750.0,72975.0,54600.0,55125.0,55125.0,137
2023-03-15,55650.0,58800.0,50032.5,52500.0,52500.0,89
2023-03-16,52500.0,53025.0,46305.0,47775.0,47775.0,47
2023-03-17,47775.0,49770.0,45150.0,46200.0,46200.0,28
2023-03-20,46725.0,46987.5,38325.0,40687.5,40687.5,37
2023-03-21,40950.0,53550.0,40950.0,53025.0,53025.0,121
2023-03-22,49455.0,50400.0,41790.0,42525.0,42525.0,96
2023-03-23,42630.0,64575.0,42525.0,59325.0,59325.0,155
2023-03-24,57225.0,64050.0,49875.0,59325.0,59325.0,77
2023-03-27,64050.0,66675.0,50925.0,54600.0,54600.0,80
2023-03-28,52500.0,53550.0,39900.0,40950.0,40950.0,96
2023-03-29,41790.0,41790.0,37275.0,38692.5,38692.5,44
2023-03-30,37800.0,41212.5,35490.0,36855.0,36855.0,50
2023-03-31,36225.0,37275.0,32497.5,32970.0,32970.0,49
2023-04-03,33547.5,33547.5,29767.5,30712.5,30712.5,28
2023-04-04,30975.0,35175.0,30765.0,32130.0,32130.0,37
2023-04-05,33075.0,33075.0,29242.5,29925.0,29925.0,27
2023-04-06,29925.0,30450.0,27352.5,28350.0,28350.0,17
2023-04-10,28350.0,29400.0,27562.5,28350.0,28350.0,13
2023-04-11,28612.5,32025.0,28402.5,30975.0,30975.0,36
2023-04-12,30765.0,32025.0,28455.0,29662.5,29662.5,15
2023-04-13,29662.5,32812.5,29662.5,30870.0,30870.0,26
2023-04-14,31395.0,32025.0,29400.0,30187.5,30187.5,14
2023-04-17,31500.0,35700.0,30975.0,32812.5,32812.5,103
2023-04-18,33075.0,35175.0,30660.0,31972.5,31972.5,42
2023-04-19,31500.0,34387.5,28875.0,33600.0,33600.0,36
2023-04-20,31500.0,32445.0,30292.5,30765.0,30765.0,16
2023-04-21,30765.0,31290.0,29452.5,29925.0,29925.0,12
2023-04-24,29400.0,29820.0,28350.0,29242.5,29242.5,16
2023-04-25,29137.5,29137.5,24150.0,25042.5,25042.5,42
2023-04-26,25147.5,30450.0,24150.0,28875.0,28875.0,51
2023-04-27,27300.0,28350.0,26250.0,27300.0,27300.0,29
2023-04-28,26722.5,27510.0,25725.0,26197.5,26197.5,14
2023-05-01,27037.5,29137.5,26250.0,27825.0,27825.0,31
2023-05-02,28350.0,28875.0,27405.0,28455.0,28455.0,17
2023-05-03,28350.0,30712.5,27930.0,29820.0,29820.0,16
2023-05-04,29505.0,29505.0,27352.5,27982.5,27982.5,14
2023-05-05,29190.0,35700.0,27405.0,33600.0,33600.0,76
2023-05-08,34125.0,40267.5,32812.5,38325.0,38325.0,60
2023-05-09,38062.5,38272.5,32550.0,35700.0,35700.0,26
2023-05-10,36330.0,49087.5,33652.5,37800.0,37800.0,164
2023-05-11,46725.0,64050.0,44362.5,50400.0,50400.0,1463
2023-05-12,48195.0,54075.0,45150.0,51450.0,51450.0,154
2023-05-15,49350.0,49350.0,37275.0,39847.5,39847.5,169
2023-05-16,39112.5,39112.5,34650.0,35175.0,35175.0,46
2023-05-17,35700.0,35962.5,34125.0,35700.0,35700.0,21
2023-05-18,35962.5,38220.0,35175.0,35700.0,35700.0,26
2023-05-19,35700.0,35805.0,31552.5,34860.0,34860.0,18
2023-05-22,34597.5,36697.5,34125.0,36645.0,36645.0,14
2023-05-23,36750.0,39165.0,36592.5,39112.5,39112.5,20
2023-05-24,39375.0,39375.0,36750.0,37695.0,37695.0,10
2023-05-25,36225.0,38115.0,34125.0,34387.5,34387.5,13
2023-05-26,34020.0,35962.5,34020.0,35910.0,35910.0,9
2023-05-30,35647.5,36120.0,34125.0,35490.0,35490.0,9
2023-05-31,34650.0,35332.5,34282.5,34860.0,34860.0,6
2023-06-01,34702.5,35227.5,29610.0,29925.0,29925.0,27
2023-06-02,30975.0,31605.0,30240.0,31237.5,31237.5,9
2023-06-05,30450.0,31395.0,30450.0,31132.5,31132.5,6
2023-06-06,31710.0,33600.0,30712.5,32917.5,32917.5,10
2023-06-07,32917.5,35175.0,32917.5,34912.5,34912.5,7
2023-06-08,34230.0,35962.5,33600.0,34387.5,34387.5,7
2023-06-09,35070.0,35070.0,32025.0,34125.0,34125.0,7
2023-06-12,35175.0,35175.0,33075.0,35175.0,35175.0,5
2023-06-13,35175.0,35857.5,34125.0,35700.0,35700.0,8
2023-06-14,36120.0,37275.0,35175.0,36750.0,36750.0,8
2023-06-15,35385.0,36907.5,35175.0,36697.5,36697.5,6
2023-06-16,36750.0,37800.0,35385.0,36225.0,36225.0,9
2023-06-20,36382.5,37800.0,35700.0,35910.0,35910.0,9
2023-06-21,36750.0,36750.0,23782.5,25252.5,25252.5,105
2023-06-22,25462.5,26145.0,22417.5,24150.0,24150.0,39
2023-06-23,23940.0,24360.0,23100.0,24255.0,24255.0,8
2023-06-26,24202.5,24885.0,22312.5,24832.5,24832.5,8
2023-06-27,24885.0,25725.0,23730.0,25725.0,25725.0,8
2023-06-28,25567.5,27300.0,25200.0,27195.0,27195.0,10
2023-06-29,27037.5,27300.0,25725.0,26197.5,26197.5,6
2023-06-30,27300.0,27930.0,26250.0,27090.0,27090.0,5
2023-07-03,27825.0,31815.0,27037.5,28350.0,28350.0,9
2023-07-05,28140.0,29295.0,27457.5,28822.5,28822.5,7
2023-07-06,28875.0,28875.0,26617.5,27300.0,27300.0,3
2023-07-07,27300.0,28140.0,27037.5,28140.0,28140.0,5
2023-07-10,27825.0,28770.0,27510.0,27982.5,27982.5,6
2023-07-11,27825.0,28665.0,27405.0,28350.0,28350.0,5
2023-07-12,28875.0,30345.0,25725.0,27247.5,27247.5,12
2023-07-13,27247.5,28875.0,27247.5,28350.0,28350.0,15
2023-07-14,28875.0,29295.0,27352.5,28822.5,28822.5,9
2023-07-17,28875.0,29400.0,28245.0,28875.0,28875.0,5
2023-07-18,28612.5,29347.5,27825.0,27877.5,27877.5,3
2023-07-19,28245.0,28875.0,27877.5,28350.0,28350.0,3
2023-07-20,28665.0,28875.0,27877.5,28140.0,28140.0,5
2023-07-21,28875.0,29872.5,27352.5,29400.0,29400.0,11
2023-07-24,29820.0,36540.0,29400.0,33600.0,33600.0,111
2023-07-25,32970.0,33390.0,29925.0,30187.5,30187.5,21
2023-07-26,30975.0,34545.0,30450.0,32917.5,32917.5,14
2023-07-27,34545.0,34545.0,30450.0,31815.0,31815.0,13
2023-07-28,31552.5,32970.0,30187.5,32130.0,32130.0,9
2023-07-31,33180.0,34125.0,32182.5,34072.5,34072.5,9
2023-08-01,34440.0,34650.0,32550.0,33442.5,33442.5,7
2023-08-02,32760.0,33442.5,32287.5,32812.5,32812.5,5
2023-08-03,32550.0,32655.0,30450.0,31080.0,31080.0,14
2023-08-04,31500.0,32812.5,31080.0,31132.5,31132.5,6
2023-08-07,31500.0,32550.0,30502.5,31710.0,31710.0,6
2023-08-08,30607.5,32550.0,30607.5,31657.5,31657.5,26
2023-08-09,31762.5,32025.0,28402.5,28455.0,28455.0,9
2023-08-10,28822.5,31395.0,28612.5,30765.0,30765.0,12
2023-08-11,30765.0,30975.0,29400.0,30030.0,30030.0,4
2023-08-14,30922.5,30922.5,27300.0,28087.5,28087.5,9
2023-08-15,28350.0,29400.0,26250.0,26775.0,26775.0,14
2023-08-16,27562.5,29137.5,26302.5,26565.0,26565.0,11
2023-08-17,27037.5,27142.5,25200.0,26250.0,26250.0,13
2023-08-18,26250.0,27667.5,26197.5,26250.0,26250.0,10
2023-08-21,26722.5,26722.5,24202.5,24727.5,24727.5,13
2023-08-22,24255.0,24990.0,23205.0,23730.0,23730.0,14
2023-08-23,23362.5,24150.0,23100.0,23362.5,23362.5,6
2023-08-24,23625.0,23625.0,21210.0,21892.5,21892.5,19
2023-08-25,22417.5,22417.5,20580.0,21000.0,21000.0,24
2023-08-28,21000.0,21525.0,20685.0,21262.5,21262.5,16
2023-08-29,21262.5,21630.0,20212.5,20527.5,20527.5,15
2023-08-30,20947.5,21052.5,19687.5,19897.5,19897.5,9
2023-08-31,20475.0,20632.5,19950.0,20212.5,20212.5,10
2023-09-01,20947.5,21367.5,19740.0,19792.5,19792.5,27
2023-09-05,20475.0,21000.0,19425.0,20160.0,20160.0,20
2023-09-06,19950.0,20212.5,18795.0,18900.0,18900.0,10
2023-09-07,18900.0,18900.0,16432.5,17535.0,17535.0,23
2023-09-08,17850.0,18112.5,16800.0,17850.0,17850.0,11
2023-09-11,17850.0,17850.0,17062.5,17325.0,17325.0,10
2023-09-12,18112.5,18112.5,16957.5,17797.5,17797.5,9
2023-09-13,17692.5,18322.5,16432.5,16537.5,16537.5,19
2023-09-14,17062.5,17325.0,15435.0,16170.0,16170.0,35
2023-09-15,16275.0,16642.5,14700.0,14700.0,14700.0,43
2023-09-18,15225.0,15487.5,14175.0,14805.0,14805.0,9
2023-09-19,15067.5,15067.5,14280.0,14542.5,14542.5,9
2023-09-20,15172.5,16170.0,14857.5,15015.0,15015.0,25
2023-09-21,14962.5,15697.5,14700.0,15277.5,15277.5,7
2023-09-22,15225.0,15382.5,14542.5,14700.0,14700.0,6
2023-09-25,15225.0,15225.0,12967.5,14175.0,14175.0,9
2023-09-26,14227.5,14700.0,13650.0,13860.0,13860.0,18
2023-09-27,13860.0,14700.0,13335.0,13650.0,13650.0,10
2023-09-28,13912.5,14175.0,13492.5,13860.0,13860.0,13
2023-09-29,13860.0,14700.0,13597.5,13650.0,13650.0,37
2023-10-02,13912.5,13912.5,12127.5,12600.0,12600.0,14
2023-10-03,13125.0,13597.5,12285.0,12390.0,12390.0,7
2023-10-04,12757.5,12757.5,12180.0,12600.0,12600.0,7
2023-10-05,12232.5,13125.0,12075.0,12337.5,12337.5,10
2023-10-06,12652.5,13125.0,12127.5,12862.5,12862.5,11
2023-10-09,13230.0,13282.5,11812.5,12862.5,12862.5,12
2023-10-10,12442.5,13072.5,12022.5,12285.0,12285.0,15
2023-10-11,12495.0,14017.5,11812.5,12705.0,12705.0,105
2023-10-12,25725.0,27772.5,16327.5,18585.0,18585.0,2329
2023-10-13,16432.5,18375.0,15592.5,16800.0,16800.0,253
2023-10-16,16800.0,19687.5,11025.0,18900.0,18900.0,345
2023-10-17,18427.5,18637.5,16012.5,17692.5,17692.5,194
2023-10-18,16957.5,18375.0,16275.0,17955.0,17955.0,82
2023-10-19,18637.5,19530.0,16800.0,18480.0,18480.0,193
2023-10-20,18480.0,18585.0,16905.0,17325.0,17325.0,54
2023-10-23,16905.0,17377.5,16117.5,17115.0,17115.0,49
2023-10-24,15750.0,21000.0,15750.0,20160.0,20160.0,119
2023-10-25,17325.0,19057.5,16852.5,18375.0,18375.0,73
2023-10-26,17272.5,18375.0,17062.5,18060.0,18060.0,36
2023-10-27,17587.5,17850.0,16380.0,17062.5,17062.5,30
2023-10-30,17377.5,18427.5,16852.5,17850.0,17850.0,59
2023-10-31,18007.5,18900.0,17482.5,18165.0,18165.0,48
2023-11-01,18427.5,18690.0,17115.0,18270.0,18270.0,36
2023-11-02,18532.5,19110.0,16642.5,16800.0,16800.0,73
2023-11-03,17272.5,18112.5,16800.0,16800.0,16800.0,39
2023-11-06,15750.0,16117.5,13650.0,13912.5,13912.5,95
2023-11-07,13650.0,14700.0,13545.0,13755.0,13755.0,53
2023-11-08,14122.5,15487.5,13912.5,15277.5,15277.5,56
2023-11-09,15750.0,17692.5,15015.0,15802.5,15802.5,115
2023-11-10,15802.5,16275.0,14805.0,15330.0,15330.0,56
2023-11-13,15645.0,16800.0,14962.5,16275.0,16275.0,31
2023-11-14,17325.0,18007.5,16590.0,17430.0,17430.0,62
2023-11-15,17850.0,21472.5,16852.5,20055.0,20055.0,156
2023-11-16,20475.0,20737.5,18375.0,19162.5,19162.5,64
2023-11-17,19005.0,22102.5,18165.0,21367.5,21367.5,75
2023-11-20,22312.5,26985.0,21682.5,24255.0,24255.0,240
2023-11-21,19635.0,21000.0,17797.5,18217.5,18217.5,226
2023-11-22,18900.0,19267.5,17325.0,18007.5,18007.5,65
2023-11-24,18375.0,19740.0,17902.5,19635.0,19635.0,41
2023-11-27,18900.0,18900.0,17955.0,18375.0,18375.0,53
2023-11-28,17325.0,18532.5,15277.5,18322.5,18322.5,50
2023-11-29,18165.0,19425.0,18007.5,18375.0,18375.0,36
2023-11-30,18742.5,20107.5,18217.5,18585.0,18585.0,40
2023-12-01,18690.0,18900.0,18217.5,18690.0,18690.0,111
2023-12-04,18375.0,21262.5,17955.0,20475.0,20475.0,180
2023-12-05,19950.0,19950.0,16275.0,17010.0,17010.0,160
2023-12-06,17010.0,17325.0,16590.0,16800.0,16800.0,59
2023-12-07,16537.5,16747.5,15015.0,15120.0,15120.0,87
2023-12-08,15172.5,15172.5,13912.5,13912.5,13912.5,51
2023-12-11,11812.5,12022.5,8925.0,9607.5,9607.5,268
2023-12-12,9870.0,9975.0,8820.0,8872.5,8872.5,94
2023-12-13,8452.5,8452.5,7927.5,8032.5,8032.5,128
2023-12-14,8137.5,8925.0,8085.0,8767.5,8767.5,86
2023-12-15,8820.0,9975.0,8400.0,8400.0,8400.0,164
2023-12-18,8662.5,8820.0,7875.0,8137.5,8137.5,80
2023-12-19,8400.0,8820.0,8137.5,8505.0,8505.0,74
2023-12-20,8190.0,8242.5,7665.0,7875.0,7875.0,79
2023-12-21,8085.0,8137.5,7875.0,8032.5,8032.5,41
2023-12-22,8137.5,8820.0,8085.0,8767.5,8767.5,90
2023-12-26,8925.0,9187.5,8715.0,9030.0,9030.0,49
2023-12-27,9030.0,9030.0,8347.5,8557.5,8557.5,72
2023-12-28,8767.5,8820.0,8452.5,8505.0,8505.0,56
2023-12-29,8610.0,8925.0,7875.0,7927.5,7927.5,93
2024-01-02,7980.0,8190.0,7927.5,7927.5,7927.5,73
2024-01-03,7927.5,8085.0,6877.5,7455.0,7455.0,76
2024-01-04,7402.5,7980.0,7350.0,7875.0,7875.0,85
2024-01-05,7770.0,7822.5,7350.0,7350.0,7350.0,52
2024-01-08,7350.0,7350.0,6720.0,6772.5,6772.5,100
2024-01-09,6825.0,6825.0,6142.5,6247.5,6247.5,125
2024-01-10,6247.5,6300.0,5932.5,6037.5,6037.5,89
2024-01-11,6090.0,6090.0,5512.5,5670.0,5670.0,108
2024-01-12,6142.5,6615.0,5355.0,5407.5,5407.5,1018
2024-01-16,5145.0,5250.0,4515.0,4987.5,4987.5,298
2024-01-17,4882.5,5302.5,4515.0,5250.0,5250.0,217
2024-01-18,5407.5,5617.5,4830.0,5512.5,5512.5,176
2024-01-19,5250.0,5512.5,5040.0,5302.5,5302.5,125
2024-01-22,5355.0,5460.0,4987.5,5407.5,5407.5,165
2024-01-23,5460.0,5565.0,5092.5,5197.5,5197.5,190
2024-01-24,5092.5,5512.5,5040.0,5407.5,5407.5,217
2024-01-25,5407.5,6247.5,5145.0,6037.5,6037.5,551
2024-01-26,7402.5,7770.0,5827.5,5932.5,5932.5,1987
2024-01-29,5722.5,5722.5,5250.0,5512.5,5512.5,431
2024-01-30,5617.5,6090.0,5302.5,5775.0,5775.0,406
2024-01-31,5775.0,5932.5,5302.5,5460.0,5460.0,373
2024-02-01,5250.0,5355.0,5040.0,5250.0,5250.0,325
2024-02-02,5250.0,5302.5,4882.5,5092.5,5092.5,235
2024-02-05,5040.0,5040.0,4567.5,4672.5,4672.5,292
2024-02-06,4672.5,4882.5,4567.5,4882.5,4882.5,206
2024-02-07,4725.0,4935.0,4620.0,4725.0,4725.0,202
2024-02-08,4620.0,4882.5,4567.5,4672.5,4672.5,205
2024-02-09,4672.5,4672.5,4042.5,4410.0,4410.0,277
2024-02-12,4672.5,5040.0,4462.5,4672.5,4672.5,441
2024-02-13,4725.0,4725.0,4200.0,4305.0,4305.0,246
2024-02-14,4305.0,4357.5,4095.0,4252.5,4252.5,210
2024-02-15,4567.5,4567.5,4147.5,4305.0,4305.0,354
2024-02-16,4200.0,4252.5,4042.5,4095.0,4095.0,258
2024-02-20,3780.0,3832.5,3570.0,3675.0,3675.0,409
2024-02-21,3675.0,3727.5,3465.0,3517.5,3517.5,192
2024-02-22,3517.5,3570.0,2677.5,2992.5,2992.5,491
2024-02-23,2992.5,3255.0,2782.5,3150.0,3150.0,480
2024-02-26,3202.5,3465.0,3097.5,3150.0,3150.0,384
2024-02-27,3150.0,4252.5,2940.0,3045.0,3045.0,1249
2024-02-28,3150.0,3202.5,2940.0,3045.0,3045.0,391
2024-02-29,3097.5,3307.5,3045.0,3097.5,3097.5,253
2024-03-01,3202.5,5670.0,3150.0,4672.5,4672.5,5778
2024-03-04,7455.0,8557.5,6090.0,7507.5,7507.5,7380
2024-03-05,6615.0,8137.5,6037.5,6615.0,6615.0,2427
2024-03-06,5722.5,5775.0,4462.5,4725.0,4725.0,1083
2024-03-07,4620.0,4725.0,3832.5,4305.0,4305.0,780
2024-03-08,4357.5,4620.0,4252.5,4305.0,4305.0,389
2024-03-11,4200.0,4357.5,3675.0,3727.5,3727.5,475
2024-03-12,3780.0,3937.5,3465.0,3570.0,3570.0,395
2024-03-13,3675.0,4357.5,3412.5,3780.0,3780.0,634
2024-03-14,3937.5,4095.0,3727.5,3937.5,3937.5,535
2024-03-15,3727.5,4252.5,3675.0,3675.0,3675.0,561
2024-03-18,3832.5,3885.0,3465.0,3622.5,3622.5,384
2024-03-19,3675.0,3885.0,3465.0,3622.5,3622.5,393
2024-03-20,5197.5,5250.0,3832.5,4200.0,4200.0,3968
2024-03-21,4410.0,4725.0,4042.5,4147.5,4147.5,1742
2024-03-22,4200.0,4200.0,3675.0,3780.0,3780.0,1094
2024-03-25,3990.0,4357.5,3780.0,3780.0,3780.0,649
2024-03-26,3832.5,3832.5,3412.5,3622.5,3622.5,803
2024-03-27,3727.5,3885.0,3622.5,3832.5,3832.5,582
2024-03-28,3832.5,4725.0,3727.5,4725.0,4725.0,1179
2024-04-01,4410.0,4725.0,3727.5,4042.5,4042.5,1392
2024-04-02,3832.5,3885.0,3727.5,3885.0,3885.0,442
2024-04-03,3885.0,4147.5,3780.0,3885.0,3885.0,495
2024-04-04,4147.5,4462.5,3937.5,4042.5,4042.5,624
2024-04-05,4200.0,4620.0,4095.0,4410.0,4410.0,445
2024-04-08,4725.0,4777.5,4147.5,4305.0,4305.0,701
2024-04-09,4200.0,5040.0,4200.0,4725.0,4725.0,1101
2024-04-10,6562.5,6982.5,5302.5,6090.0,6090.0,3328
2024-04-11,5827.5,6195.0,5302.5,5670.0,5670.0,550
2024-04-12,5722.5,5722.5,4725.0,4725.0,4725.0,524
2024-04-15,5355.0,7245.0,5250.0,6247.5,6247.5,2193
2024-04-16,7875.0,13650.0,7402.5,9345.0,9345.0,11741
2024-04-17,9712.5,10972.5,7875.0,8662.5,8662.5,2552
2024-04-18,7560.0,9712.5,7455.0,9292.5,9292.5,1320
2024-04-19,8505.0,9082.5,8085.0,8242.5,8242.5,624
2024-04-22,8925.0,10447.5,8452.5,9450.0,9450.0,2036
2024-04-23,8347.5,9135.0,7980.0,8820.0,8820.0,762
2024-04-24,9187.5,9975.0,8347.5,8925.0,8925.0,659
2024-04-25,8557.5,9450.0,8190.0,8925.0,8925.0,382
2024-04-26,8977.5,10237.5,8715.0,9450.0,9450.0,838
2024-04-29,10027.5,11550.0,9607.5,10920.0,10920.0,1349
2024-04-30,11392.5,13282.5,10972.5,11287.5,11287.5,1910
2024-05-01,11917.5,12285.0,10552.5,11812.5,11812.5,685
2024-05-02,11550.0,16852.5,11550.0,15382.5,15382.5,3510
2024-05-03,17745.0,18900.0,14385.0,16695.0,16695.0,2714
2024-05-06,17482.5,18637.5,15855.0,16642.5,16642.5,1169
2024-05-07,15277.5,15750.0,13912.5,15645.0,15645.0,842
2024-05-08,14122.5,15067.5,13807.5,14017.5,14017.5,380
2024-05-09,14017.5,16957.5,12915.0,16275.0,16275.0,1280
2024-05-10,15960.0,16905.0,15015.0,15330.0,15330.0,533
2024-05-13,15015.0,15435.0,13912.5,15225.0,15225.0,476
2024-05-14,14175.0,17587.5,14017.5,14437.5,14437.5,1218
2024-05-15,14437.5,14595.0,13125.0,13387.5,13387.5,479
2024-05-16,13860.0,15487.5,13440.0,15067.5,15067.5,596
2024-05-17,14280.0,14437.5,13545.0,13597.5,13597.5,1106
2024-05-20,8400.0,9135.0,7350.0,8872.5,8872.5,1237
2024-05-21,8400.0,8662.5,7035.0,7507.5,7507.5,632
2024-05-22,6825.0,7665.0,6405.0,6720.0,6720.0,631
2024-05-23,6142.5,6342.0,4296.25,4488.75,4488.75,1505
2024-05-24,4567.5,4637.5,3955.0,4051.25,4051.25,1375
2024-05-28,4165.0,4200.0,3517.5,3526.25,3526.25,1554
2024-05-29,3692.5,3981.25,3141.25,3815.0,3815.0,2464
2024-05-30,3990.0,4558.75,3596.25,3753.75,3753.75,2875
2024-05-31,3753.75,3841.25,3552.5,3692.5,3692.5,945
2024-06-03,3622.5,3841.25,3372.25,3666.25,3666.25,749
2024-06-04,3631.25,3631.25,3395.0,3447.5,3447.5,639
2024-06-05,3456.25,3535.0,3180.625,3434.375,3434.375,1067
2024-06-06,3403.75,3473.75,3281.25,3333.75,3333.75,840
2024-06-07,3307.5,3321.5,2975.0,3158.75,3158.75,988
2024-06-10,3141.25,3587.5,3132.5,3456.25,3456.25,899
2024-06-11,3421.25,3465.0,3132.5,3167.5,3167.5,489
2024-06-12,3220.0,3386.25,2800.0,3228.75,3228.75,1842
2024-06-13,3211.25,3281.25,3106.25,3246.25,3246.25,350
2024-06-14,3228.75,3578.75,3158.75,3543.75,3543.75,651
2024-06-17,3561.25,3753.75,3246.25,3307.5,3307.5,901
2024-06-18,3272.5,3456.25,3255.0,3421.25,3421.25,461
2024-06-20,3412.5,3648.75,3342.5,3482.5,3482.5,559
2024-06-21,3500.0,3683.75,3421.25,3430.0,3430.0,555
2024-06-24,3456.25,3552.5,3246.25,3316.25,3316.25,467
2024-06-25,3325.0,3360.0,3132.5,3333.75,3333.75,543
2024-06-26,3255.0,3395.0,3255.0,3377.5,3377.5,332
2024-06-27,3298.75,3421.25,3150.0,3167.5,3167.5,808
2024-06-28,3141.25,3255.0,3093.125,3132.5,3132.5,301
2024-07-01,3115.0,3220.0,3010.0,3045.0,3045.0,434
2024-07-02,3018.75,3150.0,2975.0,2983.75,2983.75,489
2024-07-03,3018.75,3088.75,2975.0,3062.5,3062.5,279
2024-07-05,3062.5,3220.0,3053.75,3141.25,3141.25,396
2024-07-08,3211.25,3500.0,3158.75,3482.5,3482.5,954
2024-07-09,3412.5,3657.5,3342.5,3631.25,3631.25,756
2024-07-10,3605.0,3823.75,3451.875,3543.75,3543.75,816
2024-07-11,3570.0,3605.0,3438.75,3578.75,3578.75,365
2024-07-12,3605.0,3698.625,3526.25,3561.25,3561.25,383
2024-07-15,3561.25,3640.0,3438.75,3543.75,3543.75,452
2024-07-16,3543.75,3701.25,3500.0,3648.75,3648.75,386
2024-07-17,3657.5,3745.0,3535.0,3596.25,3596.25,599
2024-07-18,3500.0,3780.0,3447.5,3526.25,3526.25,1005
2024-07-19,3526.25,3727.5,3465.0,3727.5,3727.5,565
2024-07-22,3657.5,3876.25,3482.5,3736.25,3736.25,1159
2024-07-23,1277.5,1995.0,1155.0,1540.0,1540.0,17679
2024-07-24,1391.25,1461.25,1225.0,1233.75,1233.75,3240
2024-07-25,1225.0,1225.0,1102.5,1181.25,1181.25,1605
2024-07-26,1163.75,1216.25,1093.75,1120.0,1120.0,1071
2024-07-29,1137.5,1137.5,1016.75,1093.75,1093.75,1073
2024-07-30,1050.0,1124.375,1006.25,1015.0,1015.0,1190
2024-07-31,1076.25,1111.25,971.25,1076.25,1076.25,1887
2024-08-01,1076.25,1111.25,1006.25,1041.25,1041.25,682
2024-08-02,1041.25,1067.5,988.75,1015.0,1015.0,579
2024-08-05,980.0,1015.0,927.5,980.0,980.0,515
2024-08-06,988.75,1032.5,962.5,1015.0,1015.0,465
2024-08-07,1041.25,1041.25,936.25,936.25,936.25,556
2024-08-08,945.0,997.5,901.25,971.25,971.25,476
2024-08-09,988.75,988.75,962.5,971.25,971.25,116
2024-08-12,1050.0,1128.75,1006.25,1050.0,1050.0,1045
2024-08-13,980.0,1032.5,831.25,936.25,936.25,1101
2024-08-14,927.5,953.75,892.5,936.25,936.25,523
2024-08-15,936.25,1050.0,918.75,1032.5,1032.5,695
2024-08-16,1050.0,1112.125,1023.75,1111.25,1111.25,810
2024-08-19,1137.5,1146.25,1076.25,1085.0,1085.0,586
2024-08-20,1067.5,1093.75,997.5,1032.5,1032.5,569
2024-08-21,1067.5,1085.0,1006.25,1015.0,1015.0,359
2024-08-22,1041.25,1076.25,1032.5,1076.25,1076.25,453
2024-08-23,1076.25,1076.25,1015.0,1023.75,1023.75,253
2024-08-26,1032.5,1041.25,1015.0,1023.75,1023.75,281
2024-08-27,1032.5,1041.25,997.5,1023.75,1023.75,282
2024-08-28,1006.25,1023.75,962.5,988.75,988.75,488
2024-08-29,980.0,997.5,971.25,980.0,980.0,173
2024-08-30,988.75,997.5,980.0,997.5,997.5,202
2024-09-03,1006.25,1006.25,962.5,980.0,980.0,167
2024-09-04,971.25,1032.5,971.25,980.0,980.0,401
2024-09-05,1006.25,1006.25,962.5,980.0,980.0,97
2024-09-06,980.0,988.75,962.5,971.25,971.25,72
2024-09-09,1006.25,1010.625,971.25,988.75,988.75,160
2024-09-10,988.75,988.75,954.625,980.0,980.0,154
2024-09-11,988.75,995.75,971.25,988.75,988.75,287
2024-09-12,997.5,997.5,971.25,971.25,971.25,136
2024-09-13,997.5,997.5,936.25,962.5,962.5,228
2024-09-16,962.5,980.0,953.75,962.5,962.5,87
2024-09-17,962.5,1067.5,953.75,1050.0,1050.0,708
2024-09-18,1058.75,1112.125,962.5,962.5,962.5,751
2024-09-19,1006.25,1032.5,918.75,971.25,971.25,343
2024-09-20,971.25,988.75,927.5,936.25,936.25,349
2024-09-23,936.25,971.25,936.25,945.0,945.0,138
2024-09-24,971.25,971.25,945.0,953.75,953.75,143
2024-09-25,971.25,980.0,953.75,962.5,962.5,239
2024-09-26,980.0,1041.25,962.5,1019.375,1019.375,217
2024-09-27,1015.0,1089.375,993.125,1050.0,1050.0,323
2024-09-30,1067.5,1233.75,1058.75,1181.25,1181.25,1142
2024-10-01,1128.75,1159.375,1058.75,1076.25,1076.25,761
2024-10-02,1050.0,1225.0,1050.0,1163.75,1163.75,642
2024-10-03,1155.0,1225.0,1137.5,1146.25,1146.25,358
2024-10-04,1181.25,1181.25,1120.0,1120.0,1120.0,277
2024-10-07,1128.75,1163.75,1093.75,1128.75,1128.75,175
2024-10-08,1128.75,1172.5,1111.25,1128.75,1128.75,155
2024-10-09,1111.25,1137.5,1102.5,1128.75,1128.75,70
2024-10-10,1137.5,1137.5,1093.75,1102.5,1102.5,89
2024-10-11,1093.75,1128.75,1085.875,1093.75,1093.75,191
2024-10-14,1111.25,1120.0,1093.75,1102.5,1102.5,100
2024-10-15,1102.5,1128.75,1015.0,1015.0,1015.0,297
2024-10-16,1058.75,1093.75,1041.25,1076.25,1076.25,607
2024-10-17,1067.5,1102.5,1041.25,1076.25,1076.25,330
2024-10-18,1076.25,1076.25,1050.0,1067.5,1067.5,138
2024-10-21,1058.75,1061.375,1023.75,1032.5,1032.5,233
2024-10-22,1032.5,1032.5,997.5,1023.75,1023.75,335
2024-10-23,1032.5,1041.25,971.25,997.5,997.5,355
2024-10-24,1015.0,1015.0,980.0,988.75,988.75,251
2024-10-25,980.0,1015.0,962.5,971.25,971.25,212
2024-10-28,980.0,988.75,962.5,988.75,988.75,186
2024-10-29,997.5,1050.0,936.25,945.0,945.0,660
2024-10-30,971.25,977.375,918.75,927.5,927.5,258
2024-10-31,927.5,936.25,901.25,918.75,918.75,277
2024-11-01,936.25,936.25,918.75,927.5,927.5,121
2024-11-04,918.75,927.5,883.75,910.0,910.0,231
2024-11-05,901.25,918.75,892.5,910.0,910.0,190
2024-11-06,910.0,945.0,892.5,918.75,918.75,521
2024-11-07,927.5,927.5,851.375,866.25,866.25,503
2024-11-08,875.0,883.75,805.0,825.125,825.125,315
2024-11-11,861.0,863.625,787.5,805.0,805.0,365
2024-11-12,840.0,962.5,840.0,953.75,953.75,809
2024-11-13,988.75,1050.0,831.25,864.5,864.5,709
2024-11-14,864.5,971.25,864.5,910.0,910.0,300
2024-11-15,927.5,927.5,816.375,840.0,840.0,255
2024-11-18,869.75,875.0,848.75,856.625,856.625,139
2024-11-19,848.75,892.5,809.375,848.75,848.75,180
2024-11-20,840.0,883.75,805.0,857.5,857.5,166
2024-11-21,852.25,874.125,840.0,861.875,861.875,119
2024-11-22,863.625,918.75,842.625,910.0,910.0,319
2024-11-25,910.0,936.25,883.75,901.25,901.25,213
2024-11-26,892.5,910.0,868.875,875.0,875.0,90
2024-11-27,910.0,918.75,844.375,870.625,870.625,138
2024-11-29,901.25,914.375,870.625,910.0,910.0,164
2024-12-02,892.5,910.0,857.5,892.5,892.5,312
2024-12-03,892.5,892.5,866.25,883.75,883.75,149
2024-12-04,892.5,892.5,844.375,857.5,857.5,225
2024-12-05,875.0,902.125,843.5,865.375,865.375,680
2024-12-06,866.25,875.0,822.5,836.5,836.5,539
2024-12-09,866.25,892.5,836.5,883.75,883.75,421
2024-12-10,883.75,883.75,844.375,866.25,866.25,237
2024-12-11,883.75,1128.75,875.0,1120.0,1120.0,2521
2024-12-12,997.5,1005.375,831.25,853.125,853.125,1924
2024-12-13,883.75,892.5,840.0,847.875,847.875,859
2024-12-16,847.875,862.75,738.5,801.5,801.5,788
2024-12-17,798.0,847.0,778.75,822.5,822.5,989
2024-12-18,831.25,831.25,745.5,752.5,752.5,751
2024-12-19,761.25,783.125,743.75,763.875,763.875,392
2024-12-20,785.75,853.125,770.0,810.25,810.25,605
2024-12-23,848.75,865.375,813.75,854.875,854.875,518
2024-12-24,875.0,935.375,843.5,901.25,901.25,646
2024-12-26,883.75,940.625,853.125,927.5,927.5,391
2024-12-27,918.75,962.5,875.0,901.25,901.25,401
2024-12-30,892.5,936.25,883.75,892.5,892.5,495
2024-12-31,892.5,901.25,845.25,883.75,883.75,258
2025-01-02,918.75,980.0,887.25,953.75,953.75,1161
2025-01-03,971.25,1029.0,955.5,1006.25,1006.25,849
2025-01-06,1023.75,1163.75,1006.25,1120.0,1120.0,1425
2025-01-07,1111.25,1120.0,1015.0,1032.5,1032.5,760
2025-01-08,1032.5,1054.375,923.125,953.75,953.75,487
2025-01-10,936.25,945.0,875.0,875.0,875.0,433
2025-01-13,875.0,910.0,788.375,810.25,810.25,1021
2025-01-14,813.75,857.5,770.0,784.0,784.0,363
2025-01-15,787.5,812.875,735.0,756.875,756.875,686
2025-01-16,784.875,807.625,743.75,752.5,752.5,299
2025-01-17,748.125,777.0,739.375,739.375,739.375,412
2025-01-21,761.25,787.5,726.25,735.0,735.0,335
2025-01-22,746.375,778.75,708.75,728.0,728.0,289
2025-01-23,735.0,740.25,681.625,720.125,720.125,403
2025-01-24,735.0,787.5,726.25,751.625,751.625,473
2025-01-27,751.625,813.75,751.625,778.75,778.75,420
2025-01-28,805.0,822.5,743.75,820.75,820.75,314
2025-01-29,848.75,848.75,760.375,778.75,778.75,324
2025-01-30,786.625,803.25,761.25,787.5,787.5,176
2025-01-31,787.5,796.25,735.0,773.5,773.5,258
2025-02-03,789.25,789.25,726.25,735.0,735.0,253
2025-02-04,761.25,786.625,726.25,786.625,786.625,216
2025-02-05,770.0,770.0,735.0,746.375,746.375,385
2025-02-06,746.375,761.25,720.125,739.375,739.375,470
2025-02-07,724.5,770.0,718.375,743.75,743.75,237
2025-02-10,742.0,743.75,683.375,718.375,718.375,179
2025-02-11,734.125,742.0,700.0,707.0,707.0,345
2025-02-12,708.75,728.875,682.5,724.5,724.5,205
2025-02-13,721.875,752.5,700.875,748.125,748.125,233
2025-02-14,752.5,805.0,743.75,787.5,787.5,409
2025-02-18,787.5,875.0,754.25,875.0,875.0,748
2025-02-19,875.0,901.25,815.5,901.25,901.25,725
2025-02-20,868.0,868.0,756.875,770.875,770.875,599
2025-02-21,805.0,807.625,748.125,749.0,749.0,133
2025-02-24,748.125,752.5,640.5,653.625,653.625,687
2025-02-25,665.0,665.0,612.5,617.75,617.75,234
2025-02-26,630.0,662.375,588.875,596.75,596.75,399
2025-02-27,603.75,605.5,497.0,504.0,504.0,1830
2025-02-28,516.25,539.875,507.5,539.875,539.875,381
2025-03-03,542.5,551.25,481.25,504.0,504.0,514
2025-03-04,498.75,504.0,481.25,498.75,498.75,189
2025-03-05,499.625,525.0,499.625,517.125,517.125,166
2025-03-06,525.0,529.375,490.0,506.625,506.625,224
2025-03-07,494.375,516.25,488.25,504.875,504.875,116
2025-03-10,507.5,526.75,462.0,478.625,478.625,139
2025-03-11,481.25,481.25,411.25,417.375,417.375,459
2025-03-12,455.0,455.0,402.5,420.0,420.0,913
2025-03-13,412.125,434.875,385.0,392.875,392.875,293
2025-03-14,393.75,398.125,368.375,389.375,389.375,361
2025-03-17,388.5,435.75,385.0,410.375,410.375,194
2025-03-18,288.75,303.625,196.875,214.375,214.375,4004
2025-03-19,218.75,242.375,218.75,222.25,222.25,1555
2025-03-20,231.0,236.25,210.875,217.875,217.875,746
2025-03-21,218.75,222.25,171.5,202.125,202.125,3161
2025-03-24,201.25,213.14999389648438,177.8000030517578,211.39999389648438,211.39999389648438,3849
2025-03-25,207.5500030517578,220.5,188.3000030517578,189.35000610351562,189.35000610351562,1289
2025-03-26,184.8000030517578,189.6999969482422,175.6649932861328,179.5500030517578,179.5500030517578,1511
2025-03-27,182.35000610351562,190.61000061035156,180.80999755859375,188.3000030517578,188.3000030517578,1046
2025-03-28,186.5500030517578,188.3000030517578,174.64999389648438,175.0,175.0,506
2025-03-31,172.1999969482422,172.1999969482422,154.35000610351562,166.60000610351562,166.60000610351562,671
2025-04-01,171.85000610351562,173.9499969482422,164.3249969482422,166.60000610351562,166.60000610351562,586
2025-04-02,162.0500030517578,164.42999267578125,154.0,163.4499969482422,163.4499969482422,1200
2025-04-03,154.6999969482422,161.35000610351562,154.0,159.25,159.25,866
2025-04-04,156.8000030517578,159.9499969482422,150.14999389648438,152.9499969482422,152.9499969482422,843
2025-04-07,144.1999969482422,167.64999389648438,140.6999969482422,167.64999389648438,167.64999389648438,1049
2025-04-08,174.3000030517578,183.75,157.5,165.1999969482422,165.1999969482422,1163
2025-04-09,169.39999389648438,179.89999389648438,157.88499450683594,176.5749969482422,176.5749969482422,789
2025-04-10,170.10000610351562,264.25,161.35000610351562,179.1999969482422,179.1999969482422,12251
2025-04-11,175.0,196.35000610351562,171.14999389648438,194.9499969482422,194.9499969482422,1197
2025-04-14,201.9499969482422,214.375,178.85000610351562,182.35000610351562,182.35000610351562,4129
2025-04-15,178.5,209.64999389648438,175.0,178.85000610351562,178.85000610351562,1037
2025-04-16,184.8000030517578,199.5,178.5,196.38499450683594,196.38499450683594,4931
2025-04-17,191.10000610351562,196.6999969482422,185.39500427246094,192.85000610351562,192.85000610351562,294
2025-04-21,196.0,200.89999389648438,193.1999969482422,197.0500030517578,197.0500030517578,451
2025-04-22,204.75,213.5,198.10000610351562,213.5,213.5,963
2025-04-23,217.35000610351562,239.75,217.35000610351562,233.4499969482422,233.4499969482422,2514
2025-04-24,237.3000030517578,301.2449951171875,237.3000030517578,282.1000061035156,282.1000061035156,1706
2025-04-25,287.70001220703125,541.7999877929688,287.70001220703125,381.8500061035156,381.8500061035156,85131
2025-04-28,384.29998779296875,392.0,339.5,373.45001220703125,373.45001220703125,5754
2025-04-29,405.29998779296875,459.1650085449219,370.6499938964844,419.6499938964844,419.6499938964844,9931
2025-04-30,434.0,463.75,364.2799987792969,428.3999938964844,428.3999938964844,6446
2025-05-01,416.8500061035156,445.8999938964844,395.114990234375,415.45001220703125,415.45001220703125,3094
2025-05-02,420.0,462.0,414.3999938964844,454.29998779296875,454.29998779296875,1920
2025-05-05,439.25,449.43499755859375,390.25,410.8999938964844,410.8999938964844,3017
2025-05-06,411.25,423.1499938964844,371.7699890136719,381.8500061035156,381.8500061035156,2506
2025-05-07,379.04998779296875,395.989990234375,371.3500061035156,385.0,385.0,1740
2025-05-08,327.25,368.20001220703125,300.29998779296875,304.32501220703125,304.32501220703125,2326
2025-05-09,327.6000061035156,327.6000061035156,292.0050048828125,297.8500061035156,297.8500061035156,2066
2025-05-12,297.8500061035156,312.6199951171875,264.25,271.95001220703125,271.95001220703125,3586
2025-05-13,283.8500061035156,283.8500061035156,228.23500061035156,231.0,231.0,2154
2025-05-14,234.14999389648438,238.35000610351562,207.89999389648438,215.9499969482422,215.9499969482422,1623
2025-05-15,225.75,225.75,185.5,192.5,192.5,3243
2025-05-16,194.60000610351562,223.64999389648438,192.5,205.8000030517578,205.8000030517578,3491
2025-05-19,206.5,241.5,197.75,201.60000610351562,201.60000610351562,6480
2025-05-20,203.0,211.75,194.60000610351562,204.39999389648438,204.39999389648438,3314
2025-05-21,185.5,186.5500030517578,143.85000610351562,149.10000610351562,149.10000610351562,12880
2025-05-22,151.5500030517578,162.75,149.10000610351562,158.5500030517578,158.5500030517578,2014
2025-05-23,158.1999969482422,163.4499969482422,150.2550048828125,157.14999389648438,157.14999389648438,1766
2025-05-27,162.75,162.75,149.4499969482422,154.35000610351562,154.35000610351562,1971
2025-05-28,154.0,159.25,150.81500244140625,158.1999969482422,158.1999969482422,1454
2025-05-29,159.25,171.5,155.39999389648438,161.6999969482422,161.6999969482422,2717
2025-05-30,161.6999969482422,161.6999969482422,149.10000610351562,154.0,154.0,2451
2025-06-02,151.5500030517578,152.60000610351562,140.52499389648438,142.10000610351562,142.10000610351562,1711
2025-06-03,143.5,152.25,138.25,145.9499969482422,145.9499969482422,3594
2025-06-04,144.89999389648438,144.89999389648438,136.5,140.0,140.0,2131
2025-06-05,141.0500030517578,144.5500030517578,134.43499755859375,136.5,136.5,1531
2025-06-06,134.75,144.1999969482422,131.25,142.10000610351562,142.10000610351562,1866
2025-06-09,140.6999969482422,142.48500061035156,129.85000610351562,133.0,133.0,3506
2025-06-10,133.0,136.14999389648438,130.89999389648438,134.0500030517578,134.0500030517578,2329
2025-06-11,134.75,137.1999969482422,131.60000610351562,133.35000610351562,133.35000610351562,2103
2025-06-12,134.75,136.14999389648438,131.9149932861328,134.0500030517578,134.0500030517578,1463
2025-06-13,132.64999389648438,134.0500030517578,122.1500015258789,122.1500015258789,122.1500015258789,2049
2025-06-16,125.30000305175781,125.30000305175781,118.6500015258789,120.75,120.75,1789
2025-06-17,118.6500015258789,121.41500091552734,108.1500015258789,113.2249984741211,113.2249984741211,4309
2025-06-18,114.80000305175781,115.29000091552734,96.94999694824219,97.30000305175781,97.30000305175781,5631
2025-06-20,103.25,103.25,95.9000015258789,98.0,98.0,2489
2025-06-23,97.6500015258789,97.6500015258789,91.38500213623047,94.5,94.5,1326
2025-06-24,95.19999694824219,115.5,94.8499984741211,106.75,106.75,3071
2025-06-25,103.5999984741211,106.05000305175781,101.5,102.19999694824219,102.19999694824219,1571
2025-06-26,100.0999984741211,101.1500015258789,92.4000015258789,94.8499984741211,94.8499984741211,3851
2025-06-27,96.94999694824219,97.6500015258789,85.05000305175781,87.5,87.5,2886
2025-06-30,89.25,89.91500091552734,86.80000305175781,88.19999694824219,88.19999694824219,1823
2025-07-01,87.5,89.25,85.4000015258789,87.5,87.5,2074
2025-07-02,87.5,91.0,87.5,89.94999694824219,89.94999694824219,2994
2025-07-03,90.30000305175781,91.0,88.9000015258789,90.30000305175781,90.30000305175781,511
2025-07-07,91.0,92.75,88.55000305175781,88.9000015258789,88.9000015258789,1851
2025-07-08,90.30000305175781,92.05000305175781,88.9000015258789,91.3499984741211,91.3499984741211,1286
2025-07-09,90.30000305175781,92.75,89.94999694824219,92.05000305175781,92.05000305175781,1060
2025-07-10,92.05000305175781,95.19999694824219,90.30000305175781,92.05000305175781,92.05000305175781,2406
2025-07-11,90.6500015258789,97.6500015258789,90.30000305175781,94.5,94.5,5066
2025-07-14,96.25,96.25,79.80000305175781,83.6500015258789,83.6500015258789,9471
2025-07-15,84.3499984741211,85.99500274658203,83.30000305175781,84.0,84.0,1440
2025-07-16,84.0,87.8499984741211,84.0,85.4000015258789,85.4000015258789,3274
2025-07-17,86.44999694824219,87.8499984741211,80.5,81.19999694824219,81.19999694824219,3754
2025-07-18,81.9000015258789,82.21499633789062,79.44999694824219,81.19999694824219,81.19999694824219,3329
2025-07-21,82.94999694824219,85.4000015258789,81.55000305175781,84.3499984741211,84.3499984741211,4729
2025-07-22,83.6500015258789,85.4000015258789,81.19999694824219,84.0,84.0,2229
2025-07-23,84.0,85.05000305175781,81.55000305175781,83.30000305175781,83.30000305175781,2246
2025-07-24,83.30000305175781,84.0,79.80000305175781,80.8499984741211,80.8499984741211,1791
2025-07-25,80.5,80.5,76.6500015258789,78.4000015258789,78.4000015258789,2569
2025-07-28,79.0999984741211,79.44999694824219,77.3499984741211,78.75,78.75,1511
2025-07-29,78.05000305175781,78.75,76.30000305175781,76.6500015258789,76.6500015258789,2869
2025-07-30,76.6500015258789,76.6500015258789,73.8499984741211,74.9000015258789,74.9000015258789,1777
2025-07-31,72.80000305175781,73.5,70.3499984741211,71.4000015258789,71.4000015258789,1946
2025-08-01,70.0,70.3499984741211,67.55000305175781,69.30000305175781,69.30000305175781,1177
2025-08-04,68.5999984741211,75.84500122070312,68.5999984741211,75.25,75.25,1623
2025-08-05,75.94999694824219,79.0999984741211,74.19999694824219,78.05000305175781,78.05000305175781,1834
2025-08-06,78.4000015258789,81.55000305175781,77.0,77.875,77.875,1397
2025-08-07,78.75,78.75,71.75,73.5,73.5,1140
2025-08-08,73.5,76.96499633789062,70.69999694824219,74.9000015258789,74.9000015258789,1431
2025-08-11,75.5999984741211,75.94999694824219,73.5,75.94999694824219,75.94999694824219,1249
2025-08-12,75.94999694824219,92.75,75.56500244140625,82.25,82.25,7574
2025-08-13,85.75,91.0,81.19999694824219,90.6500015258789,90.6500015258789,4351
2025-08-14,80.8499984741211,80.8499984741211,72.0999984741211,72.44999694824219,72.44999694824219,7789
2025-08-15,74.19999694824219,74.19999694824219,70.69999694824219,73.5,73.5,3177
2025-08-18,73.8499984741211,73.8499984741211,70.69999694824219,72.44999694824219,72.44999694824219,1291
2025-08-19,71.75,73.5,65.44999694824219,67.19999694824219,67.19999694824219,5266
2025-08-20,70.0,70.80500030517578,63.70000076293945,65.44999694824219,65.44999694824219,3094
2025-08-21,65.0999984741211,65.80000305175781,62.650001525878906,63.70000076293945,63.70000076293945,2954
2025-08-22,64.75,64.75,62.29999923706055,63.0,63.0,3740
2025-08-25,64.4000015258789,64.75,61.599998474121094,62.650001525878906,62.650001525878906,3260
2025-08-26,64.05000305175781,64.19000244140625,60.54999923706055,61.599998474121094,61.599998474121094,1611
2025-08-27,62.650001525878906,63.349998474121094,60.900001525878906,61.95000076293945,61.95000076293945,1363
2025-08-28,62.650001525878906,64.71499633789062,55.82500076293945,56.0,56.0,22840
2025-08-29,58.79999923706055,58.79999923706055,54.95000076293945,57.04999923706055,57.04999923706055,2977
2025-09-02,58.45000076293945,59.5,57.400001525878906,58.45000076293945,58.45000076293945,3440
2025-09-03,58.099998474121094,59.150001525878906,57.75,58.79999923706055,58.79999923706055,1291
2025-09-04,58.79999923706055,59.150001525878906,56.0,57.75,57.75,1731
2025-09-05,58.099998474121094,62.29999923706055,57.78499984741211,61.95000076293945,61.95000076293945,3677
2025-09-08,63.349998474121094,70.0,63.0,69.30000305175781,69.30000305175781,8240
2025-09-09,68.94999694824219,69.05500030517578,66.32499694824219,67.55000305175781,67.55000305175781,2380
2025-09-10,68.25,75.5999984741211,68.07499694824219,72.44999694824219,72.44999694824219,6086
2025-09-11,72.0999984741211,74.16500091552734,68.5999984741211,71.05000305175781,71.05000305175781,1929
2025-09-12,70.0,70.0,65.80000305175781,68.5999984741211,68.5999984741211,2846
2025-09-15,69.30000305175781,69.82499694824219,67.12999725341797,68.94999694824219,68.94999694824219,1254
2025-09-16,68.5999984741211,69.33499908447266,67.55000305175781,68.94999694824219,68.94999694824219,1211
2025-09-17,67.55000305175781,68.94999694824219,64.75,65.0999984741211,65.0999984741211,2286
2025-09-18,65.0999984741211,66.8499984741211,64.75,66.8499984741211,66.8499984741211,1803
2025-09-19,66.5,67.55000305175781,65.0999984741211,65.0999984741211,65.0999984741211,1180
2025-09-22,65.44999694824219,71.75,63.70000076293945,71.05000305175781,71.05000305175781,2077
2025-09-23,70.69999694824219,73.36000061035156,70.3499984741211,70.3499984741211,70.3499984741211,2631
2025-09-24,70.69999694824219,78.75,66.8499984741211,75.25,75.25,34120
2025-09-25,74.9000015258789,74.9000015258789,70.38500213623047,71.75,71.75,8011
2025-09-26,71.4000015258789,75.25,71.2249984741211,75.25,75.25,2071
2025-09-29,75.25,77.3499984741211,72.80000305175781,73.8499984741211,73.8499984741211,2191
2025-09-30,74.55000305175781,85.4000015258789,70.3499984741211,81.55000305175781,81.55000305175781,13449
2025-10-01,80.8499984741211,83.19499969482422,76.6500015258789,78.05000305175781,78.05000305175781,4137
2025-10-02,73.5,78.75,71.75,77.3499984741211,77.3499984741211,3729
2025-10-03,77.3499984741211,78.4000015258789,75.5999984741211,76.6500015258789,76.6500015258789,1677
2025-10-06,75.25,77.55999755859375,72.44999694824219,76.6500015258789,76.6500015258789,2863
2025-10-07,76.6500015258789,76.6500015258789,73.5,74.55000305175781,74.55000305175781,2017
2025-10-08,74.55000305175781,79.44999694824219,72.80000305175781,75.94999694824219,75.94999694824219,5866
2025-10-09,77.3499984741211,84.5250015258789,76.125,80.5,80.5,20157
2025-10-10,77.0,79.625,67.55000305175781,72.44999694824219,72.44999694824219,11320
2025-10-13,72.44999694824219,75.31999969482422,70.5250015258789,74.55000305175781,74.55000305175781,1160
2025-10-14,73.6050033569336,75.45999908447266,72.80000305175781,74.55000305175781,74.55000305175781,2597
2025-10-15,74.55000305175781,84.0,73.8499984741211,79.44999694824219,79.44999694824219,5869
2025-10-16,79.0999984741211,80.5,71.75,74.19999694824219,74.19999694824219,3351
2025-10-17,73.5,77.13999938964844,70.3499984741211,72.80000305175781,72.80000305175781,2374
2025-10-20,73.5,77.0,73.5,77.0,77.0,586
2025-10-21,77.3499984741211,77.3499984741211,68.25,69.6500015258789,69.6500015258789,4011
2025-10-22,71.05000305175781,72.06500244140625,61.95000076293945,66.1500015258789,66.1500015258789,4931
2025-10-23,65.44999694824219,69.6500015258789,65.44999694824219,69.6500015258789,69.6500015258789,900
2025-10-24,69.6500015258789,73.5,67.7249984741211,73.5,73.5,663
2025-10-27,74.55000305175781,74.55000305175781,70.3499984741211,71.75,71.75,583
2025-10-28,71.75,73.5,69.30000305175781,72.0999984741211,72.0999984741211,589
2025-10-29,72.80000305175781,73.1500015258789,69.30000305175781,72.0999984741211,72.0999984741211,831
2025-10-30,70.3499984741211,71.75,67.7249984741211,69.30000305175781,69.30000305175781,834
2025-10-31,68.5999984741211,68.5999984741211,66.5,67.9000015258789,67.9000015258789,911
2025-11-03,70.0,70.0,63.0,64.75,64.75,1200
2025-11-04,63.349998474121094,63.349998474121094,58.099998474121094,58.79999923706055,58.79999923706055,1860
2025-11-05,59.150001525878906,61.42499923706055,58.099998474121094,60.30500030517578,60.30500030517578,794
2025-11-06,63.0,63.0,58.45000076293945,59.5,59.5,1114
2025-11-07,59.5,73.5,57.04999923706055,62.29999923706055,62.29999923706055,11903
2025-11-10,64.05000305175781,67.16500091552734,55.650001525878906,58.79999923706055,58.79999923706055,4543
2025-11-11,59.5,61.25,58.79999923706055,60.900001525878906,60.900001525878906,1374
2025-11-12,62.650001525878906,64.6449966430664,59.150001525878906,61.25,61.25,1666
2025-11-13,60.54999923706055,62.650001525878906,58.45000076293945,59.5,59.5,1089
2025-11-14,58.45000076293945,63.70000076293945,57.92499923706055,62.29999923706055,62.29999923706055,1586
2025-11-17,61.95000076293945,69.30000305175781,61.25,63.17499923706055,63.17499923706055,5654
2025-11-18,61.95000076293945,63.70000076293945,56.70000076293945,58.099998474121094,58.099998474121094,4523
2025-11-19,56.70000076293945,56.875,45.849998474121094,47.25,47.25,5971
2025-11-20,49.0,49.0,43.04999923706055,43.400001525878906,43.400001525878906,3294
2025-11-21,42.70000076293945,45.779998779296875,39.54999923706055,42.349998474121094,42.349998474121094,1666
2025-11-24,42.0,44.45000076293945,42.0,44.45000076293945,44.45000076293945,11586
2025-11-25,38.849998474121094,43.75,38.5,43.400001525878906,43.400001525878906,5803
2025-11-26,43.75,47.38999938964844,43.400001525878906,44.79999923706055,44.79999923706055,2034
2025-11-28,46.900001525878906,47.599998474121094,46.20000076293945,47.25,47.25,1437
2025-12-01,46.20000076293945,47.25,40.95000076293945,41.125,41.125,2789
2025-12-02,39.900001525878906,42.70000076293945,39.165000915527344,40.599998474121094,40.599998474121094,62114
2025-12-03,39.900001525878906,39.900001525878906,35.349998474121094,35.70000076293945,35.70000076293945,10757
2025-12-04,35.349998474121094,38.5,35.0,38.5,38.5,5017
2025-12-05,37.79999923706055,38.849998474121094,36.224998474121094,37.79999923706055,37.79999923706055,3774
2025-12-08,38.849998474121094,39.900001525878906,37.1349983215332,38.5,38.5,3789
2025-12-09,39.20000076293945,43.04999923706055,38.5,40.95000076293945,40.95000076293945,4906
2025-12-10,41.29999923706055,50.400001525878906,36.75,46.54999923706055,46.54999923706055,63714
2025-12-11,46.900001525878906,52.5,45.5,50.400001525878906,50.400001525878906,12574
2025-12-12,50.75,52.5,46.20000076293945,47.25,47.25,5397
2025-12-15,49.0,50.04999923706055,40.599998474121094,41.650001525878906,41.650001525878906,8146
2025-12-16,42.349998474121094,45.1150016784668,40.599998474121094,43.400001525878906,43.400001525878906,3100
2025-12-17,44.45000076293945,44.45000076293945,41.29999923706055,41.650001525878906,41.650001525878906,2343
2025-12-18,43.400001525878906,43.400001525878906,38.5,39.54999923706055,39.54999923706055,3103
2025-12-19,39.20000076293945,41.650001525878906,37.79999923706055,40.95000076293945,40.95000076293945,4800
2025-12-22,41.29999923706055,45.43000030517578,40.25,41.650001525878906,41.650001525878906,7040
2025-12-23,41.650001525878906,42.525001525878906,37.099998474121094,38.150001525878906,38.150001525878906,6517
2025-12-24,38.5,39.54999923706055,37.45000076293945,39.54999923706055,39.54999923706055,1491
2025-12-26,38.849998474121094,39.54999923706055,37.45000076293945,38.150001525878906,38.150001525878906,3606
2025-12-29,37.79999923706055,40.07500076293945,34.29999923706055,36.04999923706055,36.04999923706055,8171
2025-12-30,37.099998474121094,37.099998474121094,33.35499954223633,34.685001373291016,34.685001373291016,6694
2025-12-31,36.400001525878906,36.400001525878906,32.095001220703125,32.584999084472656,32.584999084472656,5103
2026-01-02,33.21500015258789,35.70000076293945,32.34000015258789,34.93000030517578,34.93000030517578,6646
2026-01-05,35.349998474121094,36.33000183105469,34.369998931884766,36.04999923706055,36.04999923706055,4826
2026-01-06,36.04999923706055,39.900001525878906,36.04999923706055,39.54999923706055,39.54999923706055,5523
2026-01-07,38.849998474121094,39.375,36.75,38.150001525878906,38.150001525878906,4489
2026-01-08,38.5,38.5,35.70000076293945,37.79999923706055,37.79999923706055,6866
2026-01-09,39.20000076293945,39.900001525878906,36.57500076293945,36.75,36.75,5143
2026-01-12,39.54999923706055,39.900001525878906,28.524999618530273,29.049999237060547,29.049999237060547,818686
2026-01-13,29.049999237060547,29.225000381469727,22.399999618530273,24.184999465942383,24.184999465942383,83191
2026-01-14,23.415000915527344,26.950000762939453,23.415000915527344,26.739999771118164,26.739999771118164,28326
2026-01-15,26.0049991607666,27.545000076293945,24.674999237060547,26.774999618530273,26.774999618530273,13034
2026-01-16,37.099998474121094,65.44999694824219,35.349998474121094,50.04999923706055,50.04999923706055,4582920
2026-01-20,34.720001220703125,34.89500045776367,29.399999618530273,29.924999237060547,29.924999237060547,226054
2026-01-21,28.700000762939453,29.049999237060547,26.25,28.315000534057617,28.315000534057617,62394
2026-01-22,29.049999237060547,34.650001525878906,23.764999389648438,25.549999237060547,25.549999237060547,174466
2026-01-23,25.899999618530273,27.614999771118164,24.674999237060547,26.774999618530273,26.774999618530273,37094
2026-01-26,26.774999618530273,28.0,24.850000381469727,25.934999465942383,25.934999465942383,32689
2026-01-27,25.30500030517578,25.584999084472656,23.8700008392334,24.674999237060547,24.674999237060547,23329
2026-01-28,24.850000381469727,24.850000381469727,23.204999923706055,23.65999984741211,23.65999984741211,23457
2026-01-29,24.149999618530273,25.024999618530273,23.100000381469727,24.184999465942383,24.184999465942383,17583
2026-01-30,24.325000762939453,24.5,23.100000381469727,23.625,23.625,9760
2026-02-02,23.799999237060547,23.905000686645508,22.399999618530273,22.399999618530273,22.399999618530273,11417
2026-02-03,22.399999618530273,22.5049991607666,20.93000030517578,21.174999237060547,21.174999237060547,17880
2026-02-04,21.315000534057617,21.524999618530273,19.950000762939453,20.299999237060547,20.299999237060547,11131
2026-02-05,19.774999618530273,21.139999389648438,19.600000381469727,20.719999313354492,20.719999313354492,12063
2026-02-06,20.684999465942383,23.799999237060547,20.649999618530273,23.450000762939453,23.450000762939453,14943
2026-02-09,23.69499969482422,24.079999923706055,22.049999237060547,23.135000228881836,23.135000228881836,8411
2026-02-10,23.450000762939453,24.149999618530273,22.469999313354492,22.469999313354492,22.469999313354492,6637
2026-02-11,23.450000762939453,23.799999237060547,21.174999237060547,21.2450008392334,21.2450008392334,4086
2026-02-12,22.399999618530273,22.399999618530273,19.635000228881836,20.510000228881836,20.510000228881836,9889
2026-02-13,21.2450008392334,22.75,20.649999618530273,22.1200008392334,22.1200008392334,6171
2026-02-17,21.0,22.049999237060547,21.0,21.594999313354492,21.594999313354492,3571
2026-02-18,21.2450008392334,23.415000915527344,21.2450008392334,21.700000762939453,21.700000762939453,7866
2026-02-19,21.700000762939453,22.540000915527344,21.315000534057617,22.260000228881836,22.260000228881836,5440
2026-02-20,22.260000228881836,22.71500015258789,21.315000534057617,21.315000534057617,21.315000534057617,3443
2026-02-23,21.280000686645508,22.399999618530273,20.649999618530273,22.049999237060547,22.049999237060547,4746
2026-02-24,21.350000381469727,25.899999618530273,21.350000381469727,25.549999237060547,25.549999237060547,21023
2026-02-25,25.549999237060547,31.5,25.549999237060547,30.450000762939453,30.450000762939453,37340
2026-02-26,30.799999237060547,30.799999237060547,26.145000457763672,29.889999389648438,29.889999389648438,10769
2026-02-27,30.030000686645508,32.27000045776367,28.350000381469727,31.079999923706055,31.079999923706055,26440
2026-03-02,31.149999618530273,34.790000915527344,28.0,28.03499984741211,28.03499984741211,20931
2026-03-03,28.174999237060547,29.155000686645508,20.649999618530273,21.524999618530273,21.524999618530273,39746
2026-03-04,22.75,23.239999771118164,21.594999313354492,22.924999237060547,22.924999237060547,16103
2026-03-05,22.75,22.924999237060547,20.684999465942383,21.06999969482422,21.06999969482422,7317
2026-03-06,21.0,21.770000457763672,20.649999618530273,20.684999465942383,20.684999465942383,9626
2026-03-09,20.649999618530273,20.860000610351562,16.799999237060547,17.184999465942383,17.184999465942383,36529
2026-03-10,17.149999618530273,17.325000762939453,16.274999618530273,16.485000610351562,16.485000610351562,17963
2026-03-11,16.450000762939453,21.174999237060547,16.170000076293945,19.774999618530273,19.774999618530273,19586
2026-03-12,18.899999618530273,19.739999771118164,17.850000381469727,19.110000610351562,19.110000610351562,10926
2026-03-13,19.25,19.424999237060547,17.149999618530273,17.604999542236328,17.604999542236328,13174
2026-03-16,18.479999542236328,18.479999542236328,17.184999465942383,17.674999237060547,17.674999237060547,7526
2026-03-17,17.954999923706055,18.969999313354492,16.100000381469727,16.8700008392334,16.8700008392334,13977
2026-03-18,16.8700008392334,16.8700008392334,15.050000190734863,15.505000114440918,15.505000114440918,19714
2026-03-19,14.979999542236328,14.979999542236328,14.0,14.630000114440918,14.630000114440918,12317
2026-03-20,14.0,14.90999984741211,13.96500015258789,14.664999961853027,14.664999961853027,9574
2026-03-23,14.699999809265137,14.734999656677246,13.4399995803833,13.96500015258789,13.96500015258789,9726
2026-03-24,14.210000038146973,14.454999923706055,13.335000038146973,13.895000457763672,13.895000457763672,4411
2026-03-25,14.104999542236328,14.734999656677246,13.649999618530273,14.5600004196167,14.5600004196167,7091
2026-03-26,14.210000038146973,14.5600004196167,13.404999732971191,13.720000267028809,13.720000267028809,6029
2026-03-27,13.649999618530273,13.649999618530273,12.005000114440918,12.005000114440918,12.005000114440918,9103
2026-03-30,12.145000457763672,12.145000457763672,10.954999923706055,11.654999732971191,11.654999732971191,8046
2026-03-31,12.145000457763672,12.984999656677246,11.40999984741211,12.984999656677246,12.984999656677246,4674
2026-04-01,12.949999809265137,16.799999237060547,12.949999809265137,14.210000038146973,14.210000038146973,24471
2026-04-02,13.614999771118164,14.350000381469727,12.949999809265137,14.0,14.0,5954
2026-04-06,14.420000076293945,14.944999694824219,14.0,14.350000381469727,14.350000381469727,5240
2026-04-07,14.210000038146973,14.770000457763672,13.229999542236328,14.350000381469727,14.350000381469727,11860
2026-04-08,15.085000038146973,15.75,13.649999618530273,13.96500015258789,13.96500015258789,46934
2026-04-09,13.930000305175781,13.930000305175781,12.774999618530273,13.265000343322754,13.265000343322754,20171
2026-04-10,13.475000381469727,13.649999618530273,11.899999618530273,12.914999961853027,12.914999961853027,14280
2026-04-13,13.649999618530273,13.895000457763672,12.600000381469727,13.649999618530273,13.649999618530273,38786
2026-04-14,14.0,14.5600004196167,13.125,14.210000038146973,14.210000038146973,19809
2026-04-15,14.5600004196167,15.050000190734863,13.335000038146973,15.015000343322754,15.015000343322754,12383
2026-04-16,14.699999809265137,15.574999809265137,14.140000343322754,14.524999618530273,14.524999618530273,21114
2026-04-17,15.399999618530273,15.399999618530273,13.859999656677246,13.859999656677246,13.859999656677246,16580
2026-04-20,14.0,14.350000381469727,13.510000228881836,14.350000381469727,14.350000381469727,7426
2026-04-21,14.279999732971191,15.225000381469727,13.6850004196167,14.244999885559082,14.244999885559082,17903
2026-04-22,14.0,14.699999809265137,13.789999961853027,14.350000381469727,14.350000381469727,9491
2026-04-23,14.350000381469727,14.350000381469727,13.649999618530273,13.789999961853027,13.789999961853027,5300
2026-04-24,14.420000076293945,14.420000076293945,13.300000190734863,13.579999923706055,13.579999923706055,8080
2026-04-27,13.404999732971191,13.404999732971191,9.800000190734863,9.800000190734863,9.800000190734863,42389
2026-04-28,10.149999618530273,10.289999961853027,8.399999618530273,8.4350004196167,8.4350004196167,19849
2026-04-29,8.260000228881836,8.260000228881836,7.735000133514404,7.875,7.875,23460
2026-04-30,7.260000228881836,7.998000144958496,6.949999809265137,6.960000038146973,6.960000038146973,49300
2026-05-01,7.139999866485596,7.889999866485596,6.630000114440918,6.690000057220459,6.690000057220459,62900
2026-05-04,5.840000152587891,5.876999855041504,2.680000066757202,3.25,3.25,641200
2026-05-05,3.069999933242798,3.1700000762939453,2.75,3.009999990463257,3.009999990463257,218500
2026-05-06,3.190000057220459,3.190000057220459,2.5299999713897705,2.819999933242798,2.819999933242798,238700
2026-05-07,2.9200000762939453,3.200000047683716,2.7119998931884766,2.9800000190734863,2.9800000190734863,190700
2026-05-08,2.9600000381469727,3.2799999713897705,2.799999952316284,3.0,3.0,127600
2026-05-11,2.9700000286102295,3.450000047683716,2.869999885559082,3.299999952316284,3.299999952316284,99600
2026-05-12,3.2699999809265137,3.5999999046325684,3.119999885559082,3.25,3.25,38000
2026-05-13,3.25,3.4800000190734863,3.1500000953674316,3.3299999237060547,3.3299999237060547,27100
2026-05-14,3.4000000953674316,4.130000114440918,3.200000047683716,3.940000057220459,3.940000057220459,66600
2026-05-15,3.7899999618530273,4.03000020980835,3.440000057220459,3.9200000762939453,3.9200000762939453,45000
2026-05-18,3.9800000190734863,4.119999885559082,3.609999895095825,3.700000047683716,3.700000047683716,39400
2026-05-19,3.6600000858306885,3.6600000858306885,3.240000009536743,3.3550000190734863,3.3550000190734863,69100
2026-05-20,3.3499999046325684,3.805000066757202,3.3499999046325684,3.6700000762939453,3.6700000762939453,593200
2026-05-21,3.0999999046325684,3.990000009536743,3.0999999046325684,3.4700000286102295,3.4700000286102295,357600
2026-05-22,3.1500000953674316,3.25,2.8399999141693115,2.9100000858306885,2.9100000858306885,121800
2026-05-26,2.9100000858306885,3.240000009536743,2.9100000858306885,3.109999895095825,3.109999895095825,99600
2026-05-27,3.140000104904175,3.36899995803833,3.000999927520752,3.190000057220459,3.190000057220459,58600
2026-05-28,2.9800000190734863,3.299999952316284,2.9700000286102295,3.2899999618530273,3.2899999618530273,96000
2026-05-29,3.2699999809265137,3.6600000858306885,3.0999999046325684,3.549999952316284,3.549999952316284,69200
2026-06-01,3.440000057220459,3.440000057220459,3.119999885559082,3.2699999809265137,3.2699999809265137,51400
2026-06-02,3.2300000190734863,3.299999952316284,3.1500000953674316,3.2200000286102295,3.2200000286102295,21100
2026-06-03,3.0199999809265137,3.1600000858306885,2.9100000858306885,2.9200000762939453,2.9200000762939453,47200
2026-06-04,2.9200000762939453,3.061000108718872,2.890000104904175,3.049999952316284,3.049999952316284,46000
2026-06-05,3.009999990463257,3.009999990463257,2.700000047683716,2.799999952316284,2.799999952316284,135900
2026-06-08,2.930000066757202,2.930000066757202,2.559999942779541,2.7300000190734863,2.7300000190734863,79600
2026-06-09,2.680000066757202,2.819999933242798,2.5799999237060547,2.819999933242798,2.819999933242798,26100
2026-06-10,2.8299999237060547,2.8299999237060547,2.6449999809265137,2.75,2.75,26700
2026-06-11,2.684999942779541,2.8299999237060547,2.569999933242798,2.815000057220459,2.815000057220459,44300
2026-06-12,2.8399999141693115,2.9000000953674316,2.609999895095825,2.690000057220459,2.690000057220459,56700
2026-06-15,2.6600000858306885,2.744999885559082,2.430000066757202,2.4700000286102295,2.4700000286102295,63000
2026-06-16,2.559999942779541,2.559999942779541,2.2899999618530273,2.309999942779541,2.309999942779541,36100
2026-06-17,2.299999952316284,2.559999942779541,2.25,2.380000114440918,2.380000114440918,331400
2026-06-18,2.380000114440918,2.390000104904175,2.119999885559082,2.25,2.25,216500
2026-06-22,2.2799999713897705,2.7699999809265137,2.259999990463257,2.609999895095825,2.609999895095825,280400
2026-06-23,2.5,2.635999917984009,2.4600000381469727,2.559999942779541,2.559999942779541,103100
2026-06-24,2.5199999809265137,2.819999933242798,2.4600000381469727,2.680000066757202,2.680000066757202,94400
2026-06-25,2.6600000858306885,2.8299999237060547,2.6600000858306885,2.7300000190734863,2.7300000190734863,31800
2026-06-26,2.7100000381469727,3.049999952316284,2.7100000381469727,3.009999990463257,3.009999990463257,117300
2026-06-29,3.0299999713897705,3.0299999713897705,2.809999942779541,2.9600000381469727,2.9600000381469727,34600
2026-06-30,2.9200000762939453,3.0,2.9100000858306885,3.0,3.0,23800
2026-07-01,2.9100000858306885,3.069999933242798,2.859999895095825,3.0399999618530273,3.0399999618530273,47800
2026-07-02,3.0,3.0,2.700000047683716,2.809999942779541,2.809999942779541,48500
2026-07-06,2.8399999141693115,2.869999885559082,2.759999990463257,2.809999942779541,2.809999942779541,45600
2026-07-07,2.7799999713897705,2.8499999046325684,2.549999952316284,2.6600000858306885,2.6600000858306885,24800
2026-07-08,2.6600000858306885,2.6600000858306885,2.3399999141693115,2.4100000858306885,2.4100000858306885,33800
2026-07-09,2.440000057220459,2.440000057220459,2.1700000762939453,2.369999885559082,2.369999885559082,35500
2026-07-10,2.3499999046325684,2.3499999046325684,2.2100000381469727,2.309999942779541,2.309999942779541,42600
